sample,gene,cell_line,E2_status,entrez_id,row_names,col_idn,logFC
Adrenal.2,XIST,MCF7,E2,7503,3208,209,-7.104128795
Bone.5,MT-ATP8,MCF7,ED,4509,1746,1751,-7.003336938
Brain.2,SNORA64,ZR751,ED,26784,2464,2469,-6.790877449
Brain.3,AGL,ZR751,ED,178,2536,2541,-6.777525597
Adrenal.3,IGFBP5,MCF7,E2,3488,3274,275,-6.579480265
Brain.3,PRUNE2,ZR751,ED,158471,2762,2767,-6.352790554
Adrenal.1,GABRP,MCF7,E2,2568,38,3193,-6.19953887
Bone.5,RPL13A,MCF7,ED,23521,1786,1791,-6.060401536
Bone.4,RNA5S11,MCF7,E2,100169762,1587,1592,-6.060106628
Bone.4,RNA5S10,MCF7,E2,100169761,1586,1591,-6.059100012
Brain.1,AGR2,ZR751,ED,10551,1927,1932,-5.950826899
Bone.5,MT-ATP6,MCF7,ED,4508,1745,1750,-5.949293531
Bone.5,MT-ND1,MCF7,ED,4535,1751,1756,-5.838236159
Bone.3,PLXND1,MCF7,E2,23129,1095,1100,-5.819720578
Bone.5,PTMA,MCF7,ED,5757,1762,1767,-5.811298775
Brain.3,MUC16,ZR751,ED,94025,2705,2710,-5.80982423
Brain.2,SNORD15B,ZR751,ED,114599,2466,2471,-5.807755173
Adrenal.3,RNA5S9,MCF7,E2,100169760,341,346,-5.771248361
Brain.4,PLCXD3,MCF7,E2,345557,3008,223,-5.744630048
Bone.4,DHX40,MCF7,E2,79665,1384,1389,-5.722116078
Bone.5,MT-ND4,MCF7,ED,4538,1753,1758,-5.716906779
Bone.2,PRRC2A,MCF7,E2,7916,3282,3224,-5.705670364
Adrenal.3,SAMD9,MCF7,E2,54809,348,353,-5.699476783
Brain.2,ACTG1,ZR751,ED,71,2224,2229,-5.694464943
Bone.4,ELK4,MCF7,E2,2005,1403,1408,-5.668338986
Adrenal.1,PCDH10,MCF7,E2,57575,64,3213,-5.667561588
Brain.2,SNORA49,ZR751,ED,677829,2461,2466,-5.595005203
Bone.5,SNORA81,MCF7,ED,677847,1795,1800,-5.586936867
Bone.5,MIR1248,MCF7,ED,100302143,1743,1748,-5.585915822
Brain.2,PKD1,ZR751,ED,5310,2413,2418,-5.56352837
Bone.2,ATP9A,MCF7,E2,10079,527,532,-5.525187293
Bone.3,TRIM14,MCF7,E2,9830,1233,1238,-5.524033399
Bone.1,COL3A1,MCF7,E2,1281,412,417,-5.480913334
Brain.1,ATF7,ZR751,ED,11016,1934,1939,-5.480060299
Kidney.1,CEACAM5,MCF7,E2,1048,3089,304,-5.443710527
Bone.3,VEGFA,MCF7,E2,7422,1251,1256,-5.417220098
Bone.2,RNA5S12,MCF7,E2,100169763,695,3236,-5.399088872
Bone.2,RNA5S3,MCF7,E2,100169763,696,3237,-5.399088872
Brain.3,CRPPA,ZR751,ED,729920,2590,2595,-5.396274899
Bone.2,RNA5S11,MCF7,E2,100169762,694,3235,-5.3956992
Bone.2,RNA5S10,MCF7,E2,100169761,693,3234,-5.395177005
Brain.3,RAB3IP,ZR751,ED,117177,2768,2773,-5.383025023
Bone.4,RNA5S12,MCF7,E2,100169763,1588,1593,-5.380020007
Bone.4,RNA5S3,MCF7,E2,100169763,1594,1599,-5.380020007
Brain.2,IQGAP1,ZR751,ED,8826,2344,2349,-5.362953702
Brain.3,AGR2,ZR751,ED,10551,2537,2542,-5.351627042
Brain.4,SULF1,MCF7,E2,23213,3038,253,-5.343304708
Bone.4,NBPF20,MCF7,E2,100288142,1523,1528,-5.335537042
Bone.5,RPL7A,MCF7,ED,6130,1790,1795,-5.318544115
Brain.1,EFNB2,ZR751,ED,1948,1982,1987,-5.318271412
Bone.3,TRIM66,MCF7,E2,9866,1236,1241,-5.294336177
Brain.2,IARS2,ZR751,ED,55699,2337,2342,-5.290192829
Bone.4,RNA5S13,MCF7,E2,100169764,1589,1594,-5.27795139
Bone.3,SLC3A2,MCF7,E2,6520,1163,1240,-5.258703082
Kidney.1,ADGRG6,MCF7,E2,57211,3059,274,-5.250978609
Adrenal.1,ITGB6,MCF7,E2,3694,45,3194,-5.218694181
Brain.2,EPRS1,ZR751,ED,2058,2298,2303,-5.210328737
Bone.2,HMGN1,MCF7,E2,3150,3200,606,-5.182878173
Brain.4,IFI44,MCF7,E2,10561,2961,2966,-5.173324563
Brain.4,PCDH10,MCF7,E2,57575,3003,218,-5.170903535
Bone.3,PTAR1,MCF7,E2,375743,1111,1116,-5.168260481
Bone.3,PLXDC2,MCF7,E2,84898,1094,1099,-5.160002608
Brain.4,RASGRP1,MCF7,E2,10125,3015,230,-5.158877978
Brain.2,MAN1A2,ZR751,ED,10905,2359,2364,-5.153020816
Bone.3,NAP1L4,MCF7,E2,4676,1042,1047,-5.113719546
Brain.2,NBPF1,ZR751,ED,55672,2382,2387,-5.099138593
Brain.1,SHLD2,ZR751,ED,54537,2150,2155,-5.092643188
Bone.3,HELZ2,MCF7,E2,85441,954,959,-5.091369197
Bone.3,CLU,MCF7,E2,1191,851,856,-5.087834085
Bone.6,MUC12,ZR751,ED,10071,1874,1879,-5.068736656
Bone.3,LSM4,MCF7,E2,25804,1000,1005,-5.011864469
Adrenal.3,LNCAROD,MCF7,E2,101928687,291,296,-5.01013264
Bone.3,MPDZ,MCF7,E2,8777,1023,1028,-5.002658051
Bone.4,RNA5S14,MCF7,E2,100169765,1590,1595,-4.990892268
Brain.3,HYDIN,ZR751,ED,54768,2659,2664,-4.98645802
Bone.3,TMEM64,MCF7,E2,169200,1223,1228,-4.976856824
Brain.3,NFE2L1,ZR751,ED,4779,2717,2722,-4.975589122
Brain.2,UBAP2L,ZR751,ED,9898,2504,2509,-4.964103965
Brain.2,CNOT1,ZR751,ED,23019,2273,2278,-4.957038171
Bone.6,HMCN1,ZR751,ED,83872,1856,1861,-4.952341644
Bone.3,FREM2,MCF7,E2,341640,924,929,-4.951737312
Brain.2,CBX5,ZR751,ED,23468,2253,2258,-4.947346887
Bone.5,SLC39A6,MCF7,ED,25800,1794,1799,-4.939447586
Bone.2,SCD,MCF7,E2,6319,716,3257,-4.917640118
Bone.3,PLEKHG3,MCF7,E2,26030,1091,1096,-4.91704459
Bone.3,TMEM164,MCF7,E2,84187,1219,1224,-4.909587348
Bone.3,PURA,MCF7,E2,5813,1116,1121,-4.907210624
Bone.3,CBX2,MCF7,E2,84733,829,834,-4.897309166
Bone.3,QRICH1,MCF7,E2,54870,1118,1123,-4.897309166
Bone.3,NOC2L,MCF7,E2,26155,1051,1056,-4.88983822
Bone.3,FRAS1,MCF7,E2,80144,922,927,-4.887339282
Bone.3,PGM2L1,MCF7,E2,283209,1080,1085,-4.887339282
Bone.2,DSCAM-AS1,MCF7,E2,100506492,3213,572,-4.880861909
Adrenal.1,FBN2,MCF7,E2,2201,35,3190,-4.880852271
Brain.1,PDCD6,ZR751,ED,10016,2088,2093,-4.876226193
Bone.6,TRIM67,ZR751,ED,440730,1913,1918,-4.854838201
Adrenal.3,CAV1,MCF7,E2,857,3227,228,-4.852501772
Brain.2,ENSA,ZR751,ED,2029,2297,2302,-4.845980402
Bone.5,CSDE1,MCF7,ED,7812,1717,1722,-4.836954737
Bone.3,HMCES,MCF7,E2,56941,958,963,-4.836429442
Bone.5,MT-CYB,MCF7,ED,4519,1750,1755,-4.834417901
Brain.2,SREK1,ZR751,ED,140890,2473,2478,-4.832003984
Bone.5,MT-CO2,MCF7,ED,4513,1748,1753,-4.808413147
Bone.4,RNA5S15,MCF7,E2,100169766,1591,1596,-4.80696275
Brain.1,NT5DC2,ZR751,ED,64943,2076,2081,-4.780979762
Bone.5,MT-ND5,MCF7,ED,4540,1754,1759,-4.780945048
Brain.2,CALM2,ZR751,ED,805,2250,2255,-4.779080998
Kidney.1,MSL2,MCF7,E2,55167,3167,382,-4.7788529
Brain.2,RPL12,ZR751,ED,6136,2436,2441,-4.766893607
Brain.4,PABPC4L,MCF7,E2,132430,2999,214,-4.757574113
Brain.3,OSBPL2,ZR751,ED,9885,2729,2734,-4.746465689
Brain.3,AIDA,ZR751,ED,64853,2538,2543,-4.732407554
Bone.4,FAM217B,MCF7,E2,63939,1409,1414,-4.730188869
Brain.1,OCRL,ZR751,ED,4952,2078,2083,-4.722995805
Brain.2,OS9,ZR751,ED,10956,2400,2405,-4.718075869
Bone.1,CDC20B,MCF7,E2,166979,409,414,-4.717977025
Bone.3,HERC6,MCF7,E2,55008,955,960,-4.717671723
Brain.4,LDLRAD4,MCF7,E2,753,2976,2981,-4.711298098
Bone.3,BRAT1,MCF7,E2,221927,816,821,-4.706374652
Bone.4,LGALS8,MCF7,E2,3964,1473,1478,-4.703470084
Brain.1,CRPPA,ZR751,ED,729920,1967,1972,-4.694584856
Bone.4,SERP1,MCF7,E2,27230,1617,1622,-4.694452717
Adrenal.3,CAV2,MCF7,E2,858,3228,229,-4.680637254
Brain.3,KIAA1671,ZR751,ED,85379,2672,2677,-4.680605673
Brain.4,HERC6,MCF7,E2,55008,2957,2962,-4.67274937
Brain.3,RRP15,ZR751,ED,51018,2789,2794,-4.658781507
Bone.6,MUC16,ZR751,ED,94025,1875,1880,-4.653586777
Brain.1,MLLT1,ZR751,ED,4298,2060,2065,-4.639972616
Brain.1,USP32,ZR751,ED,84669,2202,2207,-4.637121182
Adrenal.3,TFPI,MCF7,E2,7035,381,386,-4.627875213
Bone.3,EXOC1,MCF7,E2,55763,910,915,-4.624716762
Brain.4,GPR171,MCF7,E2,29909,2954,2959,-4.620891755
Brain.2,BROX,ZR751,ED,148362,2245,2250,-4.614108848
Bone.4,PRRC2A,MCF7,E2,7916,1569,1574,-4.614101374
Brain.3,B3GALNT2,ZR751,ED,148789,2548,2553,-4.604001002
Brain.1,ETV3,ZR751,ED,2117,1991,1996,-4.600994425
Bone.3,ZDHHC21,MCF7,E2,340481,1266,1271,-4.600511096
Bone.6,DNAH3,ZR751,ED,55567,1840,1845,-4.588521373
Bone.3,PGAM5,MCF7,E2,192111,1078,1083,-4.588254243
Adrenal.3,AREG,MCF7,E2,374,3221,222,-4.586118647
Kidney.1,EPN2,MCF7,E2,22905,3123,338,-4.581777063
Brain.1,PAWR,ZR751,ED,5074,2087,2092,-4.577976919
Brain.3,SPAG5,ZR751,ED,10615,2819,2824,-4.577060947
Bone.3,PRCC,MCF7,E2,5546,1104,1109,-4.575892365
Brain.2,FOXA1,ZR751,ED,3169,2313,2318,-4.574828808
Brain.3,COMMD3-BMI1,ZR751,ED,100532731,2586,2591,-4.566881721
Bone.3,GIT1,MCF7,E2,28964,934,939,-4.550846226
Bone.6,HYDIN,ZR751,ED,54768,1860,1865,-4.549759735
Brain.2,HNRNPA1,ZR751,ED,3178,2332,2337,-4.548700058
Brain.3,NOP56,ZR751,ED,10528,2723,2728,-4.544542627
Bone.3,TMEM109,MCF7,E2,79073,1218,1223,-4.544516156
Brain.2,EIF4G1,ZR751,ED,1981,2295,2300,-4.543760599
Brain.2,NOMO2,ZR751,ED,283820,2391,2396,-4.54196144
Brain.2,NOTCH2,ZR751,ED,4853,2394,2399,-4.536990481
Brain.3,MRPL9,ZR751,ED,65005,2701,2706,-4.535905885
Bone.4,ATXN2L,MCF7,E2,11273,1322,1327,-4.529254981
Brain.2,ADNP,ZR751,ED,23394,2227,2232,-4.524832113
Bone.1,RAP2A,MCF7,E2,5911,460,465,-4.523848921
Bone.2,TET2,MCF7,E2,54790,738,3279,-4.510062777
Bone.2,RPS21,MCF7,E2,6227,707,3248,-4.502684926
Brain.2,HNRNPA2B1,ZR751,ED,3181,2333,2338,-4.501202769
Brain.2,ELAPOR1,ZR751,ED,57535,2296,2301,-4.497643518
Bone.6,GOLGA6L6,ZR751,ED,727832,1853,1858,-4.496465836
Brain.1,FSIP2,ZR751,ED,401024,2002,2007,-4.490010933
Brain.2,MED13L,ZR751,ED,23389,2364,2369,-4.48787145
Brain.1,PDXK,ZR751,ED,8566,2090,2095,-4.48684681
Bone.1,TNNT1,MCF7,E2,7138,485,490,-4.478619785
Brain.2,GALNT6,ZR751,ED,11226,2316,2321,-4.46178688
Brain.2,RPL5,ZR751,ED,6125,2442,2447,-4.457332208
Adrenal.3,WNT7B,MCF7,E2,7477,392,397,-4.456699581
Brain.2,CERS2,ZR751,ED,29956,2264,2269,-4.448107504
Bone.2,EIF4G2,MCF7,E2,1982,3219,578,-4.447163169
Brain.3,BMI1,ZR751,ED,648,2552,2557,-4.444347222
Bone.3,TMED5,MCF7,E2,50999,1217,1222,-4.439264927
Bone.5,MALAT1,MCF7,ED,378938,1742,1747,-4.432357509
Bone.4,RNA5S17,MCF7,E2,100169768,1593,1598,-4.431509266
Brain.1,REV3L,ZR751,ED,5980,2117,2122,-4.428672811
Brain.3,PDK3,ZR751,ED,5165,2738,2743,-4.42595087
Bone.3,SLX4IP,MCF7,E2,128710,1165,1242,-4.411706992
Bone.3,ARPC5,MCF7,E2,10092,805,810,-4.409403797
Bone.3,CEBPG,MCF7,E2,1054,836,841,-4.404734465
Bone.3,DHX33,MCF7,E2,56919,879,884,-4.404734465
Bone.4,ITPR3,MCF7,E2,3710,1458,1463,-4.404109146
Brain.3,PPIP5K2,ZR751,ED,23262,2755,2760,-4.40279593
Bone.6,TSIX,ZR751,ED,9383,1914,1919,-4.401887322
Bone.3,IFITM3,MCF7,E2,10410,970,975,-4.401052567
Brain.1,WDR43,ZR751,ED,23160,2206,2211,-4.391931644
Brain.3,ODF2,ZR751,ED,4957,2728,2733,-4.391077591
Bone.4,JUP,MCF7,E2,3728,1462,1467,-4.3890902
Brain.1,FBN2,ZR751,ED,2201,1995,2000,-4.385149727
Brain.1,COBL,ZR751,ED,23242,1964,1969,-4.378335778
Bone.4,PTPRS,MCF7,E2,5802,1574,1579,-4.377722486
Bone.2,TOP1,MCF7,E2,7150,749,754,-4.371605584
Bone.1,BMPR1B,MCF7,E2,658,406,411,-4.367221166
Bone.6,SRRM4,ZR751,ED,84530,1903,1908,-4.3665627
Brain.1,SLC25A46,ZR751,ED,91137,2154,2159,-4.364610567
Kidney.1,TRIM13,MCF7,E2,10206,3240,455,-4.35510126
Brain.2,PDCD6IP,ZR751,ED,10015,2407,2412,-4.351147359
Bone.3,MYO15B,MCF7,E2,80022,1036,1041,-4.347706835
Bone.3,NCS1,MCF7,E2,23413,1045,1050,-4.347706835
Bone.3,LMTK2,MCF7,E2,22853,993,998,-4.347602741
Brain.3,DYNC1LI2,ZR751,ED,1783,2603,2608,-4.343228561
Brain.3,LRP1B,ZR751,ED,53353,2682,2687,-4.341498936
Bone.3,TBC1D16,MCF7,E2,125058,1203,1208,-4.34015486
Brain.3,TBC1D4,ZR751,ED,9882,2831,2836,-4.337134286
Bone.3,MCMBP,MCF7,E2,79892,1012,1017,-4.33309061
Kidney.1,RASSF8,MCF7,E2,11228,3201,416,-4.329437365
Bone.5,MT-ND2,MCF7,ED,4536,1752,1757,-4.329267421
Adrenal.1,KCNK2,MCF7,E2,3776,47,3196,-4.328559534
Bone.3,FOXK2,MCF7,E2,3607,921,926,-4.325142749
Bone.4,RNA5S16,MCF7,E2,100169767,1592,1597,-4.324856052
Brain.1,FMNL3,ZR751,ED,91010,2000,2005,-4.320426587
Bone.4,CREBZF,MCF7,E2,58487,1369,1374,-4.319500217
Brain.2,MT-CYB,ZR751,ED,4519,2373,2378,-4.318810125
Brain.1,UBQLN4,ZR751,ED,56893,2200,2205,-4.315517187
Adrenal.1,GPR171,MCF7,E2,29909,39,3194,-4.314166123
Bone.4,CYB561,MCF7,E2,1534,1373,1378,-4.313546644
Bone.2,PTBP3,MCF7,E2,9991,686,3227,-4.301705489
Brain.2,LGALS8,ZR751,ED,3964,2354,2359,-4.301641069
Kidney.1,ZNF286A,MCF7,E2,57335,3251,466,-4.299780911
Brain.2,ERLIN2,ZR751,ED,11160,2299,2304,-4.299611229
Bone.3,TFDP2,MCF7,E2,7029,1210,1215,-4.294641609
Brain.1,BLVRA,ZR751,ED,644,1941,1946,-4.293954752
Brain.1,ENPP1,ZR751,ED,5167,1985,1990,-4.293954752
Bone.6,APOD,ZR751,ED,347,1817,1822,-4.293663373
Bone.4,GATC,MCF7,E2,283459,1422,1427,-4.291897961
Bone.4,DNMT1,MCF7,E2,1786,1393,1398,-4.281103912
Brain.1,COPG2,ZR751,ED,26958,1966,1971,-4.278085616
Brain.3,HTT,ZR751,ED,3064,2657,2662,-4.268341078
Bone.4,DHFR,MCF7,E2,1719,1381,1386,-4.265755906
Bone.2,PDAP1,MCF7,E2,11333,3266,3208,-4.261023205
Bone.2,MSI2,MCF7,E2,124540,3241,83,-4.251368954
Brain.3,RNF6,ZR751,ED,6049,2784,2789,-4.248995656
Bone.2,RNY3,MCF7,E2,6085,698,3239,-4.248542614
Brain.2,SRSF6,ZR751,ED,6431,2476,2481,-4.247914222
Bone.1,PQBP1,MCF7,E2,10084,459,464,-4.246495627
Bone.3,NSMCE4A,MCF7,E2,54780,1058,1063,-4.242139959
Bone.5,SYTL2,MCF7,ED,54843,1798,1803,-4.24212079
Bone.3,EIF3G,MCF7,E2,8666,896,901,-4.2405421
Adrenal.3,RASGRP1,MCF7,E2,10125,330,335,-4.236892246
Brain.2,EZR,ZR751,ED,7430,2303,2308,-4.235585697
Bone.4,C9orf78,MCF7,E2,51759,1334,1339,-4.228758926
Bone.6,F5,ZR751,ED,2153,1845,1850,-4.226694783
Bone.3,H19,MCF7,E2,283120,947,952,-4.225300305
Brain.2,PI4KA,ZR751,ED,5297,2411,2416,-4.222974212
Bone.4,ZBTB41,MCF7,E2,360023,1690,1695,-4.216916221
Brain.3,PXN,ZR751,ED,5829,2764,2769,-4.212840924
Bone.4,SQSTM1,MCF7,E2,8878,1640,1645,-4.209454618
Adrenal.1,RASGRP1,MCF7,E2,10125,71,3220,-4.208528695
Bone.4,NIBAN2,MCF7,E2,64855,1528,1533,-4.204101174
Brain.2,NBPF26,ZR751,ED,101060684,2383,2388,-4.203664874
Bone.3,WDR74,MCF7,E2,54663,1257,1262,-4.202483759
Kidney.1,PMP22,MCF7,E2,5376,3190,405,-4.20152509
Brain.1,LIMCH1,ZR751,ED,22998,2037,2042,-4.196603892
Brain.1,VPS29,ZR751,ED,51699,2205,2210,-4.196603892
Brain.3,CLINT1,ZR751,ED,9685,2582,2587,-4.196102577
Brain.3,ZDHHC3,ZR751,ED,51304,2877,2882,-4.196102577
Bone.5,FLNA,MCF7,ED,2316,1721,1726,-4.188191209
Bone.2,TNRC18,MCF7,E2,84629,747,752,-4.187547447
Adrenal.1,COL3A1,MCF7,E2,1281,24,95,-4.187339405
Bone.5,MT-CO1,MCF7,ED,4512,1747,1752,-4.186433704
Brain.3,WNT5A,ZR751,ED,7474,2873,2878,-4.175756794
Bone.2,CUX1,MCF7,E2,1523,3205,564,-4.171563976
Bone.4,FAM120AOS,MCF7,E2,158293,1406,1411,-4.167161223
Brain.3,MYO9A,ZR751,ED,4649,2709,2714,-4.162031766
Brain.3,PAWR,ZR751,ED,5074,2734,2739,-4.162031766
Brain.2,YWHAZ,ZR751,ED,7534,2514,2519,-4.161430117
Bone.3,RNF32,MCF7,E2,140545,1134,1211,-4.157296738
Adrenal.3,CRABP2,MCF7,E2,1382,3239,240,-4.155677819
Brain.1,ATMIN,ZR751,ED,23300,1935,1940,-4.153353721
Brain.1,PKN1,ZR751,ED,5585,2098,2103,-4.153353721
Adrenal.3,IFI44,MCF7,E2,10561,3267,268,-4.153188846
Brain.3,UBE3C,ZR751,ED,9690,2861,2866,-4.151651621
Bone.4,ITGB4,MCF7,E2,3691,1456,1461,-4.149369316
Bone.3,BIRC5,MCF7,E2,332,814,819,-4.148795564
Bone.3,ENOPH1,MCF7,E2,58478,904,909,-4.145067483
Bone.3,GAS5,MCF7,E2,60674,928,933,-4.143165278
Brain.2,COPB2,ZR751,ED,9276,2274,2279,-4.143142191
Bone.6,ANO2,ZR751,ED,57101,1815,1820,-4.142768076
Kidney.1,ZNF623,MCF7,E2,9831,3253,468,-4.14199582
Brain.2,NOMO3,ZR751,ED,408050,2392,2397,-4.140604858
Bone.3,GOLGA8A,MCF7,E2,23015,936,941,-4.138129071
Brain.1,WDR7,ZR751,ED,23335,2208,2213,-4.133257589
Bone.3,SYNJ2,MCF7,E2,8871,1196,1273,-4.1282342
Brain.1,TIA1,ZR751,ED,7072,2185,2190,-4.119928523
Bone.3,TBC1D10B,MCF7,E2,26000,1202,1207,-4.118640657
Bone.2,TMED10,MCF7,E2,10972,741,3282,-4.118140346
Adrenal.3,KRT5,MCF7,E2,3852,283,288,-4.115744162
Brain.3,CDK5RAP2,ZR751,ED,55755,2573,2578,-4.115633127
Brain.1,MS4A7,ZR751,ED,58475,2066,2071,-4.112877568
Bone.3,R3HCC1L,MCF7,E2,27291,1120,1125,-4.111202185
Brain.2,CPE,ZR751,ED,1363,2275,2280,-4.106456273
Brain.4,GPR132,MCF7,E2,29933,2953,2958,-4.106073949
Brain.3,CBX1,ZR751,ED,10951,2562,2567,-4.105787426
Bone.2,PCM1,MCF7,E2,5108,3265,3207,-4.104912525
Bone.6,FAT2,ZR751,ED,2196,1848,1853,-4.104135324
Bone.4,MAP4K4,MCF7,E2,9448,1488,1493,-4.101877272
Brain.3,EXOC8,ZR751,ED,149371,2615,2620,-4.098600167
Brain.3,MTMR4,ZR751,ED,9110,2704,2709,-4.098600167
Adrenal.1,EYA2,MCF7,E2,2139,34,3189,-4.098428043
Kidney.1,ZMAT2,MCF7,E2,153527,3249,464,-4.0978325
Bone.4,CPT1A,MCF7,E2,1374,1368,1373,-4.09726414
Brain.2,NCOA6,ZR751,ED,23054,2384,2389,-4.097137156
Adrenal.2,RAB23,MCF7,E2,51715,80,3278,-4.095947483
Bone.1,ZFP64,MCF7,E2,55734,493,498,-4.094892723
Bone.3,MRPL50,MCF7,E2,54534,1026,1031,-4.093966692
Bone.3,TEAD3,MCF7,E2,7005,1207,1212,-4.093966692
Bone.4,MECP2,MCF7,E2,4204,1494,1499,-4.09263621
Bone.3,RNF13,MCF7,E2,11342,1133,1210,-4.09228225
Brain.3,PAFAH1B1,ZR751,ED,5048,2731,2736,-4.091376922
Brain.2,TAF15,ZR751,ED,8148,2482,2487,-4.09034381
Brain.1,TPGS2,ZR751,ED,25941,2191,2196,-4.088035328
Bone.5,ALDOA,MCF7,ED,226,1714,1719,-4.085676423
Brain.1,PKHD1L1,ZR751,ED,93035,2097,2102,-4.083853046
Bone.2,HSPA8,MCF7,E2,3312,3206,3195,-4.082776911
Bone.5,ZNF217,MCF7,ED,7764,1804,1809,-4.082610783
Brain.3,CEACAM6,ZR751,ED,4680,2575,2580,-4.081713627
Adrenal.1,CYP24A1,MCF7,E2,1591,28,95,-4.079098119
Bone.5,SRRM2,MCF7,ED,23524,1797,1802,-4.077887773
Brain.3,TKT,ZR751,ED,7086,2837,2842,-4.076821025
Bone.3,MRPL22,MCF7,E2,29093,1025,1030,-4.076522798
Brain.1,MROH8,ZR751,ED,140699,2065,2070,-4.07048212
Brain.2,WASL,ZR751,ED,8976,2509,2514,-4.066826957
Bone.5,NUCKS1,MCF7,ED,64710,1757,1762,-4.065461684
Bone.4,AKAP1,MCF7,E2,8165,1304,1309,-4.06455247
Bone.4,JUN,MCF7,E2,3725,1461,1466,-4.06455247
Bone.3,STAT5B,MCF7,E2,6777,1182,1259,-4.058865403
Brain.1,PSMD3,ZR751,ED,5709,2106,2111,-4.0585015
Bone.2,ANKHD1,MCF7,E2,54882,515,520,-4.056576226
Brain.3,MORC4,ZR751,ED,79710,2697,2702,-4.054708056
Kidney.1,POLR2D,MCF7,E2,5433,3192,407,-4.049773754
Brain.3,ATL3,ZR751,ED,25923,2545,2550,-4.049414137
Brain.2,KDM5B,ZR751,ED,10765,2347,2352,-4.048142628
Brain.2,ATXN2L,ZR751,ED,11273,2241,2246,-4.047199027
Brain.1,VASP,ZR751,ED,7408,2203,2208,-4.045656689
Bone.4,GTPBP4,MCF7,E2,23560,1432,1437,-4.04552159
Bone.4,H1-3,MCF7,E2,3007,1433,1438,-4.04552159
Brain.2,NSD3,ZR751,ED,54904,2395,2400,-4.043281968
Brain.3,PLXDC2,ZR751,ED,84898,2748,2753,-4.041865287
Brain.1,PFN2,ZR751,ED,5217,2093,2098,-4.041349546
Bone.3,CEP83,MCF7,E2,51134,841,846,-4.040989215
Bone.3,METTL17,MCF7,E2,64745,1016,1021,-4.040989215
Bone.6,DNAH2,ZR751,ED,146754,1839,1844,-4.03871634
Bone.4,HMCN1,MCF7,E2,83872,1438,1443,-4.038011266
Brain.3,UTP25,ZR751,ED,27042,2866,2871,-4.032250867
Brain.3,ZNF451,ZR751,ED,26036,2885,2890,-4.032250867
Bone.3,TTN,MCF7,E2,7273,1242,1247,-4.031967366
Brain.4,SAMD9,MCF7,E2,54809,3024,239,-4.030809342
Brain.3,RGMB,ZR751,ED,285704,2778,2783,-4.02847378
Bone.4,MLXIP,MCF7,E2,22877,1508,1513,-4.026236311
Brain.3,RESF1,ZR751,ED,55196,2777,2782,-4.024686777
Brain.3,ROCK2,ZR751,ED,9475,2785,2790,-4.024686777
Brain.3,RPRD1A,ZR751,ED,55197,2788,2793,-4.024686777
Bone.5,FTH1,MCF7,ED,2495,1722,1727,-4.023860598
Bone.3,KLC2,MCF7,E2,64837,981,986,-4.022888744
Brain.3,MIPEP,ZR751,ED,4285,2689,2694,-4.022789542
Bone.2,PHIP,MCF7,E2,55023,3271,3213,-4.02195467
Bone.2,ANKHD1-EIF4EBP3,MCF7,E2,404734,516,521,-4.021521343
Bone.2,RPLP2,MCF7,E2,6181,703,3244,-4.017255302
Brain.3,CKAP2,ZR751,ED,26586,2580,2585,-4.01708282
Brain.3,FYTTD1,ZR751,ED,84248,2625,2630,-4.01708282
Brain.1,NFE2L2,ZR751,ED,4780,2072,2077,-4.015233101
Kidney.1,SEMA3A,MCF7,E2,10371,3211,426,-4.015069734
Bone.4,LMBR1,MCF7,E2,64327,1480,1485,-4.01303987
Bone.4,CLIC1,MCF7,E2,1192,1360,1365,-4.011764702
Bone.6,LAMC2,ZR751,ED,3918,1868,1873,-4.007843386
Brain.3,S100A14,ZR751,ED,57402,2792,2797,-4.007335434
Bone.3,EPS15L1,MCF7,E2,58513,905,910,-4.005967122
Brain.3,ZNF207,ZR751,ED,7756,2882,2887,-4.005601205
Bone.3,STK35,MCF7,E2,140901,1185,1262,-4.004558291
Bone.3,WRN,MCF7,E2,7486,1258,1263,-4.004558291
Brain.3,GID8,ZR751,ED,54994,2633,2638,-4.001753604
Brain.1,PIK3CA,ZR751,ED,5290,2096,2101,-3.999777284
Bone.4,DCTN5,MCF7,E2,84516,1376,1381,-3.996816236
Bone.4,FBXW2,MCF7,E2,26190,1414,1419,-3.996816236
Kidney.1,ZNF43,MCF7,E2,7594,3252,467,-3.993482914
Bone.6,ARNTL2,ZR751,ED,56938,1818,1823,-3.993169026
Bone.2,MYL12A,MCF7,E2,10627,3247,89,-3.991241881
Brain.1,SYTL2,ZR751,ED,54843,2172,2177,-3.990346148
Brain.1,KPNA3,ZR751,ED,3839,2031,2036,-3.988635152
Bone.3,CNN2,MCF7,E2,1265,854,859,-3.985991937
Bone.3,D2HGDH,MCF7,E2,728294,872,877,-3.985991937
Bone.3,HECA,MCF7,E2,51696,953,958,-3.985991937
Adrenal.3,CEACAM6,MCF7,E2,4680,3234,235,-3.982627188
Brain.3,SPECC1L,ZR751,ED,23384,2821,2826,-3.982360157
Adrenal.1,IFI44L,MCF7,E2,10964,43,3192,-3.981802553
Bone.2,GTF2IP4,MCF7,E2,100093631,95,601,-3.980959373
Bone.3,ADAMTS19,MCF7,E2,171019,790,795,-3.979557107
Brain.3,TLN1,ZR751,ED,7094,2840,2845,-3.978449987
Bone.2,PAK2,MCF7,E2,5062,3261,3203,-3.977319188
Bone.5,RMRP,MCF7,ED,6023,1763,1768,-3.974804868
Brain.2,RPL18A,ZR751,ED,6142,2437,2442,-3.972286743
Bone.5,SNORD3D,MCF7,ED,780854,1796,1801,-3.970995297
Brain.1,RNU6ATAC,ZR751,ED,100151684,2134,2139,-3.970626794
Brain.1,PARP9,ZR751,ED,83666,2086,2091,-3.967666863
Bone.4,SNHG16,MCF7,E2,100507246,1631,1636,-3.967643286
Bone.3,DCAF4,MCF7,E2,26094,873,878,-3.967183529
Bone.3,RFT1,MCF7,E2,91869,1128,1133,-3.967183529
Bone.3,SLC25A13,MCF7,E2,10165,1157,1234,-3.967183529
Bone.4,CSPP1,MCF7,E2,79848,1371,1376,-3.966783702
Bone.4,ROBO1,MCF7,E2,6091,1600,1605,-3.966783702
Brain.1,SSB,ZR751,ED,6741,2167,2172,-3.96608936
Brain.3,MPRIP,ZR751,ED,23164,2700,2705,-3.962702458
Bone.3,SNHG16,MCF7,E2,100507246,1169,1246,-3.962495471
Brain.1,TCTN2,ZR751,ED,79867,2179,2184,-3.961537611
Bone.2,ADAR,MCF7,E2,103,506,511,-3.96018931
Bone.4,TAOK2,MCF7,E2,9344,1650,1655,-3.959176856
Bone.1,FSIP1,MCF7,E2,161835,424,429,-3.958787749
Kidney.1,MMADHC,MCF7,E2,27249,3165,380,-3.955307538
Bone.3,MRPL11,MCF7,E2,65003,1024,1029,-3.948126674
Bone.3,YIPF4,MCF7,E2,84272,1261,1266,-3.948126674
Bone.4,WASF2,MCF7,E2,10163,1681,1686,-3.946408966
Adrenal.3,DHRS3,MCF7,E2,9249,3240,241,-3.945743501
Brain.2,TLE5,ZR751,ED,166,2488,2493,-3.94441794
Brain.3,SERTAD4,ZR751,ED,56256,2800,2805,-3.938754103
Brain.2,PCGF3,ZR751,ED,10336,2405,2410,-3.933987075
Bone.3,AMMECR1L,MCF7,E2,83607,796,801,-3.932685273
Bone.3,CDR1,MCF7,E2,1038,833,838,-3.92881472
Bone.3,RIN2,MCF7,E2,54453,1130,1207,-3.92881472
Bone.5,SLC38A1,MCF7,ED,81539,1793,1798,-3.928490132
Bone.3,ABCC1,MCF7,E2,4363,784,789,-3.928115738
Bone.3,WWOX,MCF7,E2,51741,1260,1265,-3.928115738
Bone.2,GTF2IP1,MCF7,E2,2970,94,600,-3.926777428
Brain.1,G6PD,ZR751,ED,2539,2003,2008,-3.924597192
Adrenal.3,MBNL2,MCF7,E2,10150,296,301,-3.924454208
Bone.2,DNMT1,MCF7,E2,1786,3211,570,-3.918895208
Kidney.1,PABPC4L,MCF7,E2,132430,3178,393,-3.918224652
Adrenal.2,PCDH10,MCF7,E2,57575,3215,3266,-3.916383531
Bone.3,KRT17,MCF7,E2,3872,986,991,-3.909408057
Bone.3,TUSC3,MCF7,E2,7991,1243,1248,-3.909240743
Bone.3,ZNF641,MCF7,E2,121274,1279,1284,-3.909240743
Brain.3,LNPK,ZR751,ED,80856,2680,2685,-3.906191741
Brain.3,PROSER1,ZR751,ED,80209,2761,2766,-3.906191741
Bone.4,WASHC4,MCF7,E2,23325,1682,1687,-3.90477539
Bone.5,HSP90AB1,MCF7,ED,3326,1739,1744,-3.903246875
Brain.3,ARHGAP11A,ZR751,ED,9824,2543,2548,-3.900387739
Bone.4,MAP7,MCF7,E2,9053,1489,1494,-3.899485688
Bone.3,NCAPH,MCF7,E2,23397,1044,1049,-3.899353256
Brain.2,EIF4B,ZR751,ED,1975,2294,2299,-3.898623376
Bone.3,GNG12,MCF7,E2,55970,935,940,-3.897996982
Brain.3,SPCS3,ZR751,ED,60559,2820,2825,-3.897935005
Adrenal.2,LRRTM3,MCF7,E2,347731,3206,3257,-3.89710159
Brain.1,BAP1,ZR751,ED,8314,1938,1943,-3.896257601
Brain.1,MFAP3,ZR751,ED,4238,2054,2059,-3.896257601
Bone.2,SCARNA22,MCF7,E2,677770,715,3256,-3.890396392
Brain.3,MFN2,ZR751,ED,9927,2688,2693,-3.889630742
Brain.3,PARK7,ZR751,ED,11315,2732,2737,-3.889630742
Bone.3,TSFM,MCF7,E2,10102,1238,1243,-3.889397537
Brain.3,STUB1,ZR751,ED,10273,2827,2832,-3.888175917
Brain.2,HNRNPR,ZR751,ED,10236,2334,2339,-3.887248763
Brain.3,TLE1,ZR751,ED,7088,2839,2844,-3.885460617
Bone.6,HRNR,ZR751,ED,388697,1859,1864,-3.884983056
Brain.1,LASP1,ZR751,ED,3927,2034,2039,-3.882466656
Kidney.1,DTNB,MCF7,E2,1838,3116,331,-3.880163388
Bone.1,MAK,MCF7,E2,4117,440,445,-3.879809266
Bone.6,ELMO1,ZR751,ED,9844,1843,1848,-3.879683421
Bone.3,USP33,MCF7,E2,23032,1249,1254,-3.877562718
Brain.1,MELK,ZR751,ED,9833,2051,2056,-3.877050466
Brain.1,RHNO1,ZR751,ED,83695,2119,2124,-3.877050466
Bone.4,PMM2,MCF7,E2,5373,1562,1567,-3.87682551
Bone.5,RPL15,MCF7,ED,6138,1787,1792,-3.874158109
Bone.4,GPBP1,MCF7,E2,65056,1427,1432,-3.872742282
Bone.4,TUT7,MCF7,E2,79670,1671,1676,-3.872742282
Bone.3,ATE1,MCF7,E2,11101,807,812,-3.869277592
Bone.2,DHX9,MCF7,E2,1660,3208,567,-3.868646646
Bone.4,YES1,MCF7,E2,7525,1688,1693,-3.867333593
Bone.2,H2AC20,MCF7,E2,8338,96,602,-3.867247613
Bone.3,ATP2B4,MCF7,E2,493,811,816,-3.867236014
Bone.5,MT-CO3,MCF7,ED,4514,1749,1754,-3.866054497
Bone.1,KDM1B,MCF7,E2,221656,433,438,-3.864855497
Brain.3,TSPAN9,ZR751,ED,10867,2855,2860,-3.864427243
Bone.3,UHRF1,MCF7,E2,29128,1247,1252,-3.863049582
Bone.4,STC2,MCF7,E2,8614,1644,1649,-3.86190455
Bone.4,ZMIZ2,MCF7,E2,83637,1692,1697,-3.86190455
Brain.3,ITSN1,ZR751,ED,6453,2667,2672,-3.860183518
Bone.3,JAG1,MCF7,E2,182,977,982,-3.859111409
Bone.3,SUN2,MCF7,E2,25777,1192,1269,-3.859111409
Brain.1,TSPAN8,ZR751,ED,7103,2195,2200,-3.857584165
Adrenal.3,ITGB6,MCF7,E2,3694,3278,279,-3.85725604
Bone.4,PEBP1,MCF7,E2,5037,1547,1552,-3.856455
Bone.5,UBC,MCF7,ED,7316,1801,1806,-3.854788949
Kidney.1,PDCL3,MCF7,E2,79031,3181,396,-3.854219659
Bone.3,ALG5,MCF7,E2,29880,795,800,-3.848873079
Brain.3,GSN,ZR751,ED,2934,2641,2646,-3.847376928
Bone.3,COL12A1,MCF7,E2,1303,857,862,-3.845218468
Bone.1,CREB3L4,MCF7,E2,148327,413,418,-3.844591345
Bone.2,HNRNPA1,MCF7,E2,3178,3201,3190,-3.841293517
Kidney.1,DBN1,MCF7,E2,1627,3105,320,-3.841070718
Adrenal.2,RNA5S1,MCF7,E2,100169751,84,3282,-3.840496224
Bone.4,FAM168B,MCF7,E2,130074,1408,1413,-3.839981741
Brain.3,CCDC50,ZR751,ED,152137,2567,2572,-3.838775605
Bone.3,AP3S1,MCF7,E2,1176,801,806,-3.838561571
Bone.3,OSR2,MCF7,E2,116039,1066,1071,-3.838561571
Brain.1,CASP14,ZR751,ED,23581,1951,1956,-3.837851608
Brain.1,SNAP47,ZR751,ED,116841,2157,2162,-3.832876008
Brain.2,MATR3,ZR751,ED,9782,2361,2366,-3.831952723
Brain.3,USP32,ZR751,ED,84669,2865,2870,-3.831597355
Bone.4,SOCS4,MCF7,E2,122809,1635,1640,-3.828894132
Bone.3,DNAJB12,MCF7,E2,54788,881,886,-3.828175833
Bone.3,MEX3C,MCF7,E2,51320,1019,1024,-3.828175833
Brain.2,IQCE,ZR751,ED,23288,2343,2348,-3.828127051
Brain.2,PTP4A1,ZR751,ED,7803,2422,2427,-3.828127051
Brain.2,XRCC5,ZR751,ED,7520,2513,2518,-3.828127051
Brain.1,C6orf132,ZR751,ED,647024,1946,1951,-3.827883188
Adrenal.3,IFIT3,MCF7,E2,3437,3273,274,-3.825631473
Bone.4,WSB1,MCF7,E2,26118,1687,1692,-3.823318209
Bone.6,A2ML1,ZR751,ED,144568,1807,1812,-3.822522711
Bone.6,PIP,ZR751,ED,5304,1883,1888,-3.822522711
Brain.1,RNF111,ZR751,ED,54778,2131,2136,-3.817845411
Bone.4,TRAPPC9,MCF7,E2,83696,1664,1669,-3.817720651
Bone.2,UBR4,MCF7,E2,23352,757,762,-3.817666081
Brain.2,PLEKHF2,ZR751,ED,79666,2415,2420,-3.817079347
Brain.2,SRRM2,ZR751,ED,23524,2475,2480,-3.815870829
Bone.5,AKAP9,MCF7,ED,10142,1713,1718,-3.8143071
Kidney.1,FADS1,MCF7,E2,3992,3124,339,-3.81385628
Adrenal.3,IFI27,MCF7,E2,3429,3266,267,-3.811539753
Brain.1,DBN1,ZR751,ED,1627,1972,1977,-3.807737305
Bone.4,UBR2,MCF7,E2,23304,1675,1680,-3.806459957
Brain.1,OSTC,ZR751,ED,58505,2081,2086,-3.802656569
Bone.5,GNAS,MCF7,ED,2778,1727,1732,-3.802463672
Bone.2,ARL6IP1,MCF7,E2,23204,522,527,-3.80026421
Brain.1,MED14,ZR751,ED,9282,2050,2055,-3.799783062
Brain.2,AHNAK,ZR751,ED,79026,2228,2233,-3.798221801
Brain.1,RIOK3,ZR751,ED,8780,2121,2126,-3.797557877
Bone.3,MZT1,MCF7,E2,440145,1039,1044,-3.796562345
Bone.6,RYR2,ZR751,ED,6262,1895,1900,-3.795508135
Bone.4,GAS8,MCF7,E2,2622,1421,1426,-3.794823962
Kidney.1,OSBPL10,MCF7,E2,114884,3177,392,-3.794082091
Bone.2,NUP210,MCF7,E2,23225,3258,3200,-3.79368401
Brain.4,TGM2,MCF7,E2,7052,3043,258,-3.790543481
Brain.3,PHF20,ZR751,ED,51230,2742,2747,-3.790529219
Bone.4,AHSA1,MCF7,E2,10598,1303,1308,-3.789402381
Brain.1,QKI,ZR751,ED,9444,2112,2117,-3.787306114
Kidney.1,RYBP,MCF7,E2,23429,3258,473,-3.787242732
Bone.3,CRNDE,MCF7,E2,643911,866,871,-3.785868677
Bone.3,H2AC4,MCF7,E2,8335,949,954,-3.785868677
Bone.3,LAMC1,MCF7,E2,3915,987,992,-3.785322955
Bone.1,CDC20,MCF7,E2,991,408,413,-3.783914236
Bone.3,SBNO1,MCF7,E2,55206,1142,1219,-3.783649513
Bone.6,TLE4,ZR751,ED,7091,1909,1914,-3.783117295
Bone.3,UBA52,MCF7,E2,7311,1244,1249,-3.782784675
Brain.3,SDHA,ZR751,ED,6389,2797,2802,-3.782478442
Brain.1,ACAP3,ZR751,ED,116983,1924,1929,-3.782152785
Brain.1,MCFD2,ZR751,ED,90411,2049,2054,-3.782152785
Bone.2,TPI1,MCF7,E2,7167,750,755,-3.780055653
Adrenal.2,RNA5S5,MCF7,E2,100169756,88,189,-3.77826984
Adrenal.2,RNA5S6,MCF7,E2,100169757,89,190,-3.77826984
Brain.1,CCNA2,ZR751,ED,890,1954,1959,-3.776980981
Bone.2,PRSS23,MCF7,E2,11098,3283,3225,-3.776667582
Adrenal.2,RNA5S4,MCF7,E2,100169755,87,188,-3.776507302
Bone.3,STAT6,MCF7,E2,6778,1183,1260,-3.776339909
Adrenal.3,XAF1,MCF7,E2,54739,393,398,-3.776331122
Adrenal.2,RNA5S2,MCF7,E2,100169753,85,3283,-3.775120939
Adrenal.2,RNA5S3,MCF7,E2,100169754,86,3284,-3.775120939
Brain.4,BRINP3,MCF7,E2,339479,2917,2922,-3.774579248
Kidney.1,NEBL,MCF7,E2,10529,3171,386,-3.773856954
Adrenal.1,LINC00052,MCF7,E2,145978,53,3202,-3.772955933
Brain.1,KCTD10,ZR751,ED,83892,2024,2029,-3.771790571
Bone.3,UGCG,MCF7,E2,7357,1246,1251,-3.769337902
Brain.2,MYO5B,ZR751,ED,4645,2379,2384,-3.767837964
Bone.1,DNASE1,MCF7,E2,1773,418,423,-3.767517886
Bone.3,PCIF1,MCF7,E2,63935,1071,1076,-3.764240568
Bone.3,STK36,MCF7,E2,27148,1186,1263,-3.764240568
Bone.2,IQGAP1,MCF7,E2,8826,3215,3204,-3.763786238
Adrenal.2,RNA5S8,MCF7,E2,100169759,91,192,-3.760914641
Kidney.1,DEPDC1B,MCF7,E2,55789,3108,323,-3.759556377
Brain.3,GRB2,ZR751,ED,2885,2638,2643,-3.758965048
Adrenal.2,RNA5S7,MCF7,E2,100169758,90,191,-3.758274865
Bone.2,HMGB3,MCF7,E2,3149,3199,605,-3.75656302
Bone.4,ZNF318,MCF7,E2,24149,1697,1702,-3.754670003
Bone.2,NUFIP2,MCF7,E2,57532,3257,3199,-3.751297619
Bone.2,EEF1A2,MCF7,E2,1917,3216,575,-3.749031884
Bone.3,FARSB,MCF7,E2,10056,917,922,-3.748478295
Bone.3,HEXIM1,MCF7,E2,10614,956,961,-3.748478295
Adrenal.3,XIST,MCF7,E2,7503,394,399,-3.746227682
Brain.1,EPN3,ZR751,ED,55040,1986,1991,-3.745554664
Kidney.1,ADSS2,MCF7,E2,159,3062,277,-3.745511371
Kidney.1,INIP,MCF7,E2,58493,3139,354,-3.745511371
Bone.2,RPS10-NUDT3,MCF7,E2,100529239,705,3246,-3.744946614
Bone.3,IFIH1,MCF7,E2,64135,969,974,-3.743032
Bone.4,AR,MCF7,E2,367,1313,1318,-3.74290421
Bone.4,TACC1,MCF7,E2,6867,1648,1653,-3.74290421
Bone.4,ZNF254,MCF7,E2,9534,1695,1700,-3.74290421
Bone.6,ADA2,ZR751,ED,51816,1812,1817,-3.742605273
Bone.6,DNAH8,ZR751,ED,1769,1841,1846,-3.742605273
Bone.3,MZF1,MCF7,E2,7593,1038,1043,-3.742283281
Brain.3,MBNL2,ZR751,ED,10150,2686,2691,-3.740613396
Brain.1,CTSA,ZR751,ED,5476,1969,1974,-3.74024974
Bone.4,HPS3,MCF7,E2,84343,1442,1447,-3.739947707
Bone.1,KCNJ3,MCF7,E2,3760,432,437,-3.739543096
Bone.2,KRT18,MCF7,E2,3875,3222,3211,-3.739215215
Adrenal.3,LDLRAD4,MCF7,E2,753,288,293,-3.737046489
Bone.6,SYNE1,ZR751,ED,23345,1906,1911,-3.732709261
Bone.5,GATA3,MCF7,ED,2625,1724,1729,-3.73206324
Brain.3,POLI,ZR751,ED,11201,2751,2756,-3.731349281
Kidney.1,EARS2,MCF7,E2,124454,3117,332,-3.731328287
Kidney.1,MORC3,MCF7,E2,23515,3166,381,-3.731328287
Bone.4,IFI27,MCF7,E2,3429,1451,1456,-3.730766374
Adrenal.3,KCNJ3,MCF7,E2,3760,3284,285,-3.730102282
Brain.1,TEP1,ZR751,ED,7011,2181,2186,-3.728420475
Bone.2,HNRNPH1,MCF7,E2,3187,3204,3193,-3.727901972
Brain.3,RAF1,ZR751,ED,5894,2770,2775,-3.726694819
Brain.2,NFIB,ZR751,ED,4781,2386,2391,-3.725354181
Adrenal.3,RNU5F-1,MCF7,E2,26828,342,347,-3.724917518
Brain.3,TOM1L2,ZR751,ED,146691,2850,2855,-3.722025293
Bone.4,CMPK1,MCF7,E2,51727,1363,1368,-3.719080785
Brain.1,KLF2,ZR751,ED,10365,2028,2033,-3.717541483
Brain.1,PRKCD,ZR751,ED,5580,2103,2108,-3.713428513
Bone.4,BAG5,MCF7,E2,9529,1327,1332,-3.713062948
Bone.3,POLE2,MCF7,E2,5427,1097,1102,-3.708707754
Bone.3,SH3GLB1,MCF7,E2,51100,1150,1227,-3.708707754
Bone.1,FAM220A,MCF7,E2,84792,421,426,-3.707563685
Bone.1,SMYD3,MCF7,E2,64754,481,486,-3.707563685
Bone.4,EIF1,MCF7,E2,10209,1401,1406,-3.707019905
Brain.2,GNB1,ZR751,ED,2782,2323,2328,-3.706901312
Bone.3,H2BC10,MCF7,E2,8346,951,956,-3.705650258
Brain.3,PCNX2,ZR751,ED,80003,2736,2741,-3.703194565
Brain.1,EBAG9,ZR751,ED,9166,1980,1985,-3.70255883
Brain.1,PRR15,ZR751,ED,222171,2104,2109,-3.70255883
Kidney.1,MEN1,MCF7,E2,4221,3161,376,-3.70253684
Kidney.1,RDH11,MCF7,E2,51109,3202,417,-3.70253684
Kidney.1,ZNF627,MCF7,E2,199692,3254,469,-3.70253684
Bone.4,TRIP11,MCF7,E2,9321,1667,1672,-3.702001557
Brain.2,AKAP9,ZR751,ED,10142,2229,2234,-3.699410966
Bone.2,HNRNPD,MCF7,E2,3184,3203,3192,-3.698263663
Bone.6,MIR205HG,ZR751,ED,642587,1873,1878,-3.697842641
Bone.3,HAGH,MCF7,E2,3029,952,957,-3.697339993
Bone.3,MCU,MCF7,E2,90550,1013,1018,-3.697339993
Bone.3,PSMD9,MCF7,E2,5715,1110,1115,-3.697339993
Bone.3,TOM1L1,MCF7,E2,10040,1228,1233,-3.691086976
Brain.2,ATN1,ZR751,ED,1822,2237,2242,-3.689492773
Bone.4,DNAJC22,MCF7,E2,79962,1391,1396,-3.688737398
Bone.4,MCM2,MCF7,E2,4171,1492,1497,-3.688737398
Kidney.1,FUT9,MCF7,E2,10690,3129,344,-3.687922741
Brain.1,TOP3B,ZR751,ED,8940,2190,2195,-3.686099191
Bone.3,CTC1,MCF7,E2,80169,869,874,-3.685881949
Brain.3,MOB1A,ZR751,ED,55233,2694,2699,-3.684114797
Bone.4,DDX58,MCF7,E2,23586,1379,1384,-3.682591378
Bone.1,LMBRD1,MCF7,E2,55788,438,443,-3.681188389
Bone.1,MND1,MCF7,E2,84057,444,449,-3.681188389
Bone.1,RBM7,MCF7,E2,10179,462,467,-3.681188389
Brain.1,JMJD6,ZR751,ED,23210,2022,2027,-3.680570648
Bone.2,EIF5B,MCF7,E2,9669,3220,579,-3.679350391
Bone.4,DYNLL2,MCF7,E2,140735,1397,1402,-3.676419064
Brain.4,TSIX,MCF7,E2,9383,3046,261,-3.676357816
Brain.1,SNX6,ZR751,ED,58533,2165,2170,-3.675670331
Bone.3,MRPL52,MCF7,E2,122704,1027,1032,-3.674332174
Brain.2,CDC42BPA,ZR751,ED,8476,2261,2266,-3.673972997
Brain.1,PTPN23,ZR751,ED,25930,2109,2114,-3.673186117
Kidney.1,RPF2,MCF7,E2,84154,3207,422,-3.673159089
Bone.3,LDLRAD4,MCF7,E2,753,988,993,-3.673099925
Brain.4,ADAMTS19,MCF7,E2,171019,2902,2907,-3.669766368
Brain.1,ZBTB24,ZR751,ED,9841,2209,2214,-3.669449595
Bone.2,CCND1,MCF7,E2,595,541,546,-3.66919202
Bone.3,ZFP62,MCF7,E2,643836,1267,1272,-3.665116241
Bone.4,CIC,MCF7,E2,23152,1358,1363,-3.663994645
Bone.3,C6orf141,MCF7,E2,135398,823,828,-3.662112998
Brain.1,SNORA28,ZR751,ED,677811,2160,2165,-3.661880873
Bone.2,AKAP13,MCF7,E2,11214,510,515,-3.658979598
Kidney.1,RANBP10,MCF7,E2,57610,3199,414,-3.658242791
Brain.1,DSN1,ZR751,ED,79980,1977,1982,-3.658242149
Bone.4,SCD,MCF7,E2,6319,1611,1616,-3.658186076
Bone.6,BCAT1,ZR751,ED,586,1822,1827,-3.656055235
Brain.2,RNU5A-1,ZR751,ED,26831,2434,2439,-3.655974868
Bone.3,SLC25A39,MCF7,E2,51629,1158,1235,-3.655523335
Bone.2,PHF3,MCF7,E2,23469,3270,3212,-3.655354703
Bone.1,RFT1,MCF7,E2,91869,464,469,-3.654321908
Bone.1,SLITRK4,MCF7,E2,139065,480,485,-3.654321908
Bone.4,NFKBIZ,MCF7,E2,64332,1526,1531,-3.653802231
Bone.4,RPL37,MCF7,E2,6167,1605,1610,-3.652475061
Brain.4,ITGB6,MCF7,E2,3694,2969,2974,-3.651479833
Bone.4,SLC44A2,MCF7,E2,57153,1625,1630,-3.651462297
Bone.3,PPFIA3,MCF7,E2,8541,1102,1107,-3.650951475
Bone.3,SFXN3,MCF7,E2,81855,1147,1224,-3.650951475
Bone.3,STAP2,MCF7,E2,55620,1180,1257,-3.650951475
Bone.3,SYNPO2,MCF7,E2,171024,1197,1202,-3.643718568
Brain.1,ADH5,ZR751,ED,128,1926,1931,-3.643200053
Brain.2,FAT1,ZR751,ED,2195,2309,2314,-3.642307776
Bone.4,RBM15,MCF7,E2,64783,1581,1586,-3.641991072
Brain.3,CDC42,ZR751,ED,998,2572,2577,-3.640239739
Bone.6,STAB2,ZR751,ED,55576,1904,1909,-3.639420292
Bone.5,APPBP2,MCF7,ED,10513,1715,1720,-3.636963682
Bone.5,NCOA3,MCF7,ED,8202,1755,1760,-3.635865651
Adrenal.2,GABRP,MCF7,E2,2568,132,3234,-3.635599496
Brain.3,GRIN2B,ZR751,ED,2904,2639,2644,-3.635281335
Bone.4,NPY1R,MCF7,E2,4886,1529,1534,-3.633316524
Bone.3,HMCN1,MCF7,E2,83872,959,964,-3.633221115
Bone.4,KCTD20,MCF7,E2,222658,1466,1471,-3.632457258
Brain.2,CHD6,ZR751,ED,84181,2268,2273,-3.631989925
Bone.3,TOP1MT,MCF7,E2,116447,1230,1235,-3.631317668
Brain.3,TMOD3,ZR751,ED,29766,2847,2852,-3.630896408
Brain.1,SH3GLB1,ZR751,ED,51100,2149,2154,-3.630326754
Bone.2,PTBP1,MCF7,E2,5725,3284,3226,-3.629722165
Bone.4,ATP5MG,MCF7,E2,10632,1321,1326,-3.629265268
Brain.3,TSPAN13,ZR751,ED,27075,2854,2859,-3.628378438
Kidney.1,LAMTOR1,MCF7,E2,55004,3146,361,-3.627939401
Kidney.1,TNNT1,MCF7,E2,7138,3237,452,-3.627939401
Bone.3,ATP6V1B2,MCF7,E2,526,812,817,-3.627185612
Bone.3,C14orf132,MCF7,E2,56967,819,824,-3.627185612
Bone.3,RPF1,MCF7,E2,80135,1137,1214,-3.627185612
Bone.3,SMG9,MCF7,E2,56006,1167,1244,-3.627185612
Bone.1,DMAP1,MCF7,E2,55929,416,421,-3.626945598
Bone.1,NEK1,MCF7,E2,4750,450,455,-3.626945598
Bone.1,NXT2,MCF7,E2,55916,452,457,-3.626945598
Bone.4,MYO1C,MCF7,E2,4641,1520,1525,-3.626066199
Brain.3,ABCE1,ZR751,ED,6059,2532,2537,-3.625313109
Bone.4,GTF3C1,MCF7,E2,2975,1431,1436,-3.625058317
Bone.1,ZNF813,MCF7,E2,126017,497,502,-3.624732886
Adrenal.2,COL3A1,MCF7,E2,1281,120,3222,-3.624301761
Brain.1,PACSIN1,ZR751,ED,29993,2082,2087,-3.624087762
Brain.3,ADGRL3,ZR751,ED,23284,2535,2540,-3.623611639
Bone.3,AGRN,MCF7,E2,375790,792,797,-3.622792501
Brain.1,PPP2R1A,ZR751,ED,5518,2102,2107,-3.621599945
Brain.1,CAD,ZR751,ED,790,1948,1953,-3.621204727
Brain.4,LRRTM3,MCF7,E2,347731,2983,198,-3.620690344
Brain.3,OAT,ZR751,ED,4942,2727,2732,-3.620303048
Bone.2,MORF4L2,MCF7,E2,9643,3238,80,-3.619836334
Bone.4,CADPS2,MCF7,E2,93664,1337,1342,-3.619646703
Bone.3,CARS1,MCF7,E2,833,828,833,-3.615154237
Bone.3,NUDT15,MCF7,E2,55270,1060,1065,-3.615154237
Brain.4,SEMA3D,MCF7,E2,223117,3026,241,-3.614607191
Brain.1,ANKRD36BP1,ZR751,ED,84832,1930,1935,-3.614493812
Bone.6,LINC01132,ZR751,ED,100506810,1869,1874,-3.613760793
Kidney.1,EIF2D,MCF7,E2,1939,3119,334,-3.612545621
Brain.1,RNF41,ZR751,ED,10193,2133,2138,-3.61252089
Brain.2,CFL1,ZR751,ED,1072,2265,2270,-3.610642169
Brain.1,MTMR3,ZR751,ED,8897,2068,2073,-3.607016238
Bone.4,RAE1,MCF7,E2,8480,1579,1584,-3.606721375
Bone.6,NRXN3,ZR751,ED,9369,1878,1883,-3.605563679
Brain.3,NFYB,ZR751,ED,4801,2719,2724,-3.60516762
Bone.3,CHST15,MCF7,E2,51363,844,849,-3.603021682
Bone.3,COQ5,MCF7,E2,84274,862,867,-3.603021682
Brain.2,SPTLC2,ZR751,ED,9517,2472,2477,-3.602554265
Brain.1,CIPC,ZR751,ED,85457,1960,1965,-3.600860529
Brain.1,NCOA4,ZR751,ED,8031,2071,2076,-3.600860529
Brain.1,PNP,ZR751,ED,4860,2099,2104,-3.600860529
Brain.4,IFITM1,MCF7,E2,8519,2964,2969,-3.599598024
Bone.4,HNRNPH3,MCF7,E2,3189,1440,1445,-3.599419085
Kidney.1,GFOD2,MCF7,E2,81577,3132,347,-3.599174317
Bone.1,RNF181,MCF7,E2,51255,475,480,-3.599039736
Bone.4,FBRS,MCF7,E2,64319,1411,1416,-3.596950814
Brain.3,NEMP1,ZR751,ED,23306,2715,2720,-3.594988394
Bone.4,ARPC2,MCF7,E2,10109,1318,1323,-3.5936792
Adrenal.3,LAMB3,MCF7,E2,3914,287,292,-3.591500644
Adrenal.3,ITGB4,MCF7,E2,3691,3277,278,-3.590935474
Bone.3,SOS1,MCF7,E2,6654,1171,1248,-3.588123884
Bone.1,MRPL35,MCF7,E2,51318,446,451,-3.587831259
Bone.5,KRT18,MCF7,ED,3875,1740,1745,-3.582371172
Bone.3,CYC1,MCF7,E2,1537,871,876,-3.581652798
Bone.3,ZGPAT,MCF7,E2,84619,1268,1273,-3.581652798
Bone.3,ATG101,MCF7,E2,60673,809,814,-3.578446122
Bone.3,COL5A3,MCF7,E2,50509,860,865,-3.578446122
Bone.3,MIOS,MCF7,E2,54468,1020,1025,-3.578446122
Bone.3,NUDCD2,MCF7,E2,134492,1059,1064,-3.578446122
Bone.3,PRR15L,MCF7,E2,79170,1106,1111,-3.578446122
Bone.5,H3-3B,MCF7,ED,3021,1733,1738,-3.577719954
Brain.1,FAM83B,ZR751,ED,222584,1994,1999,-3.577253213
Bone.4,PTPA,MCF7,E2,5524,1572,1577,-3.573892168
Brain.4,RNU4-2,MCF7,E2,26834,3018,233,-3.572841368
Adrenal.1,PLCXD3,MCF7,E2,345557,68,3217,-3.570642886
Kidney.1,PCDH10,MCF7,E2,57575,3180,395,-3.568489524
Bone.6,TNNI1,ZR751,ED,7135,1911,1916,-3.56812211
Bone.4,TCOF1,MCF7,E2,6949,1653,1658,-3.56723572
Adrenal.3,CLDN9,MCF7,E2,9080,3236,237,-3.566745591
Adrenal.3,LPCAT2,MCF7,E2,54947,294,299,-3.566745591
Bone.3,PDHA1,MCF7,E2,5160,1073,1078,-3.565698295
Kidney.1,ZNF121,MCF7,E2,7675,3250,465,-3.565353519
Kidney.1,ZNF675,MCF7,E2,171392,3255,470,-3.565353519
Brain.1,TRPM4,ZR751,ED,54795,2193,2198,-3.565303095
Kidney.1,SLC2A4RG,MCF7,E2,56731,3217,432,-3.564923315
Bone.4,PDE4DIP,MCF7,E2,9659,1545,1550,-3.564029683
Brain.3,RBM19,ZR751,ED,9904,2774,2779,-3.564012558
Brain.1,ERCC6,ZR751,ED,2074,1988,1993,-3.559290711
Brain.1,ZFAND1,ZR751,ED,79752,2210,2215,-3.559290711
Bone.4,TRIM14,MCF7,E2,9830,1665,1670,-3.558334787
Brain.2,TNRC18,ZR751,ED,84629,2494,2499,-3.557878214
Brain.3,NF2,ZR751,ED,4771,2716,2721,-3.553537701
Bone.3,DNAJC16,MCF7,E2,23341,883,888,-3.553444664
Bone.3,EML1,MCF7,E2,2009,902,907,-3.553444664
Bone.3,PIM1,MCF7,E2,5292,1086,1091,-3.553444664
Brain.1,MAP4K3,ZR751,ED,8491,2047,2052,-3.553253166
Brain.1,ONECUT2,ZR751,ED,9480,2080,2085,-3.553253166
Brain.1,RALB,ZR751,ED,5899,2114,2119,-3.553253166
Brain.3,MAPK1,ZR751,ED,5594,2684,2689,-3.549767427
Kidney.1,EML1,MCF7,E2,2009,3120,335,-3.549273424
Bone.4,DDAH1,MCF7,E2,23576,1377,1382,-3.547080094
Bone.4,PALLD,MCF7,E2,23022,1541,1546,-3.547080094
Bone.4,LOC100128494,MCF7,E2,100128494,1707,1712,-3.547080094
Bone.1,RFXANK,MCF7,E2,8625,465,470,-3.545400752
Bone.2,DSG2,MCF7,E2,1829,3214,573,-3.544757853
Bone.6,MEG3,ZR751,ED,55384,1871,1876,-3.544078066
Brain.3,SMU1,ZR751,ED,55234,2814,2819,-3.542986233
Brain.3,TTLL5,ZR751,ED,23093,2857,2862,-3.542986233
Brain.1,GUCY1A1,ZR751,ED,2982,2011,2016,-3.541878158
Adrenal.3,IFI44L,MCF7,E2,10964,3268,269,-3.541626683
Brain.1,FBP1,ZR751,ED,2203,1996,2001,-3.541101743
Brain.1,N4BP2L2-IT2,ZR751,ED,116828,2070,2075,-3.541101743
Bone.5,RPL4,MCF7,ED,6124,1789,1794,-3.540177466
Bone.2,USP7,MCF7,E2,7874,761,766,-3.53952353
Brain.2,CHD4,ZR751,ED,1108,2267,2272,-3.534540494
Bone.4,MYBL2,MCF7,E2,4605,1517,1522,-3.533484851
Kidney.1,TMEM184A,MCF7,E2,202915,3232,447,-3.533012081
Bone.2,ACTR2,MCF7,E2,10097,504,509,-3.532953807
Bone.2,SKA2,MCF7,E2,348235,724,3265,-3.530428114
Bone.2,PRLR,MCF7,E2,5618,3281,3223,-3.528997564
Bone.5,DDX5,MCF7,ED,1655,1718,1723,-3.528104355
Bone.3,PHF5A,MCF7,E2,84844,1081,1086,-3.528002287
Bone.3,ZNF189,MCF7,E2,7743,1270,1275,-3.528002287
Bone.4,LNPEP,MCF7,E2,4012,1481,1486,-3.526638883
Bone.4,VCPIP1,MCF7,E2,80124,1679,1684,-3.526638883
Bone.6,PTPRB,ZR751,ED,5787,1888,1893,-3.525717509
Bone.3,ELAVL1,MCF7,E2,1994,899,904,-3.523656721
Bone.3,STAT1,MCF7,E2,6772,1181,1258,-3.521847577
Bone.2,SIKE1,MCF7,E2,80143,722,3263,-3.521716156
Brain.3,EIF1,ZR751,ED,10209,2608,2613,-3.521648926
Brain.3,SHC1,ZR751,ED,6464,2803,2808,-3.521648926
Brain.3,ZDHHC21,ZR751,ED,340481,2876,2881,-3.521648926
Bone.6,PHEX,ZR751,ED,5251,1881,1886,-3.520992381
Bone.6,SLC2A3,ZR751,ED,6515,1899,1904,-3.520992381
Bone.5,HMCN1,MCF7,ED,83872,1736,1741,-3.520765708
Bone.4,FRS2,MCF7,E2,10818,1419,1424,-3.519760274
Brain.1,TMEM184B,ZR751,ED,25829,2188,2193,-3.518820725
Bone.3,N4BP3,MCF7,E2,23138,1040,1045,-3.518759566
Bone.6,GRIN2B,ZR751,ED,2904,1855,1860,-3.518739083
Kidney.1,DCAF17,MCF7,E2,80067,3106,321,-3.516565356
Bone.3,MAST2,MCF7,E2,23139,1007,1012,-3.51428947
Brain.1,SNORA66,ZR751,ED,26782,2162,2167,-3.512540677
Brain.3,U2AF2,ZR751,ED,11338,2860,2865,-3.510860752
Brain.4,BISPR,MCF7,E2,105221694,2914,2919,-3.510703645
Bone.2,CHD8,MCF7,E2,57680,3195,554,-3.5077124
Brain.1,USP16,ZR751,ED,10600,2201,2206,-3.504021044
Bone.3,POLR2D,MCF7,E2,5433,1098,1103,-3.503794766
Bone.2,GPR171,MCF7,E2,29909,90,596,-3.503686233
Brain.2,TNKS1BP1,ZR751,ED,85456,2493,2498,-3.502958785
Bone.2,ARFGEF3,MCF7,E2,57221,519,524,-3.502341676
Bone.3,EHD1,MCF7,E2,10938,895,900,-3.502103158
Bone.1,NUDT19,MCF7,E2,390916,451,456,-3.501686025
Bone.4,MINK1,MCF7,E2,50488,1502,1507,-3.498925451
Brain.1,RUFY2,ZR751,ED,55680,2138,2143,-3.497747199
Brain.3,TNRC6B,ZR751,ED,23112,2849,2854,-3.496524103
Brain.1,IDH3G,ZR751,ED,3421,2018,2023,-3.491445952
Brain.1,PSMA5,ZR751,ED,5686,2105,2110,-3.491445952
Brain.1,TCFL5,ZR751,ED,10732,2178,2183,-3.491445952
Bone.3,RNA5S9,MCF7,E2,100169760,1131,1208,-3.491313759
Brain.3,WASF2,ZR751,ED,10163,2868,2873,-3.490990803
Bone.3,TMEM97,MCF7,E2,27346,1226,1231,-3.490399905
Bone.3,RNH1,MCF7,E2,6050,1135,1212,-3.488977129
Bone.2,SF3B3,MCF7,E2,23450,720,3261,-3.487469402
Brain.2,SFPQ,ZR751,ED,6421,2451,2456,-3.487369121
Bone.2,YWHAQ,MCF7,E2,10971,769,774,-3.485645879
Brain.1,SAP30BP,ZR751,ED,29115,2140,2145,-3.483937176
Bone.4,SRSF3,MCF7,E2,6428,1641,1646,-3.482784623
Bone.2,SIAE,MCF7,E2,54414,721,3262,-3.482021494
Brain.1,ALG13,ZR751,ED,79868,1929,1934,-3.480723718
Brain.1,TSEN54,ZR751,ED,283989,2194,2199,-3.478760286
Bone.3,TPD52L1,MCF7,E2,7164,1231,1236,-3.477472419
Bone.3,CTSH,MCF7,E2,1512,870,875,-3.47687951
Bone.3,GRAMD1A,MCF7,E2,57655,942,947,-3.47687951
Bone.3,SH3BGRL,MCF7,E2,6451,1149,1226,-3.474036707
Bone.3,NOTCH1,MCF7,E2,4851,1053,1058,-3.47347952
Brain.3,PPIL2,ZR751,ED,23759,2754,2759,-3.472453895
Brain.1,WDR48,ZR751,ED,57599,2207,2212,-3.472375376
Bone.2,MAVS,MCF7,E2,57506,3233,3222,-3.46969057
Bone.3,MEMO1,MCF7,E2,51072,1015,1020,-3.467469315
Bone.2,PTTG1IP,MCF7,E2,754,688,3229,-3.466935993
Brain.3,H1-10,ZR751,ED,8971,2644,2649,-3.466882774
Brain.3,ZFP90,ZR751,ED,146198,2879,2884,-3.466882774
Kidney.1,ARAP2,MCF7,E2,116984,3066,281,-3.466069384
Brain.1,LRRC14,ZR751,ED,9684,2042,2047,-3.465962084
Brain.1,LTBP1,ZR751,ED,4052,2043,2048,-3.465962084
Bone.4,CD276,MCF7,E2,80381,1350,1355,-3.463517829
Brain.2,GOLGA8A,ZR751,ED,23015,2325,2330,-3.463061457
Brain.3,WWC3,ZR751,ED,55841,2874,2879,-3.463001422
Brain.3,NFIX,ZR751,ED,4784,2718,2723,-3.461290056
Brain.2,MUC19,ZR751,ED,283463,2378,2383,-3.461106745
Brain.1,RABGEF1,ZR751,ED,27342,2113,2118,-3.459520155
Brain.2,EHF,ZR751,ED,26298,2293,2298,-3.457684309
Bone.6,CD36,ZR751,ED,948,1831,1836,-3.456742042
Bone.4,GOLGA5,MCF7,E2,9950,1426,1431,-3.456330817
Brain.3,INO80,ZR751,ED,54617,2663,2668,-3.455675573
Brain.2,PGD,ZR751,ED,5226,2408,2413,-3.454038774
Brain.1,CDC25B,ZR751,ED,994,1955,1960,-3.453049332
Brain.4,MX2,MCF7,E2,4600,2994,209,-3.452015223
Brain.3,CEP192,ZR751,ED,55125,2577,2582,-3.451651834
Bone.3,MBNL2,MCF7,E2,10150,1009,1014,-3.449452555
Bone.4,MTA2,MCF7,E2,9219,1513,1518,-3.449107823
Brain.2,MTMR4,ZR751,ED,9110,2374,2379,-3.446719951
Bone.2,ARID1A,MCF7,E2,8289,521,526,-3.444707963
Brain.3,CCP110,ZR751,ED,9738,2571,2576,-3.444380629
Brain.3,ZNF629,ZR751,ED,23361,2889,2894,-3.444380629
Bone.4,ITPRID2,MCF7,E2,6744,1459,1464,-3.443496372
Bone.4,NHLRC2,MCF7,E2,374354,1527,1532,-3.441848485
Bone.4,WDR5,MCF7,E2,11091,1684,1689,-3.441848485
Brain.3,DDX56,ZR751,ED,54606,2597,2602,-3.438699822
Brain.3,DNHD1,ZR751,ED,144132,2600,2605,-3.438699822
Bone.4,PGK1,MCF7,E2,5230,1550,1555,-3.437582223
Brain.2,USP14,ZR751,ED,9097,2507,2512,-3.435671626
Bone.3,WBP2,MCF7,E2,23558,1255,1260,-3.435541037
Bone.4,CNOT2,MCF7,E2,4848,1364,1369,-3.434552434
Bone.4,EAF1,MCF7,E2,85403,1398,1403,-3.434552434
Bone.4,MTSS2,MCF7,E2,92154,1515,1520,-3.434552434
Adrenal.3,ANXA3,MCF7,E2,306,3219,220,-3.434209802
Adrenal.3,SLC6A14,MCF7,E2,11254,358,363,-3.434102041
Brain.3,CBX2,ZR751,ED,84733,2563,2568,-3.432996558
Brain.3,RANGAP1,ZR751,ED,5905,2772,2777,-3.432996558
Bone.2,SKIL,MCF7,E2,6498,725,3266,-3.432615114
Brain.2,BSG,ZR751,ED,682,2246,2251,-3.431969969
Kidney.1,CBR4,MCF7,E2,84869,3082,297,-3.431395981
Kidney.1,MAP3K8,MCF7,E2,1326,3158,373,-3.431395981
Bone.3,ATP11C,MCF7,E2,286410,810,815,-3.430941826
Bone.3,GOLIM4,MCF7,E2,27333,937,942,-3.430941826
Brain.1,KARS1,ZR751,ED,3735,2023,2028,-3.428310421
Bone.5,VMP1,MCF7,ED,81671,1802,1807,-3.427888151
Bone.4,TMCC1,MCF7,E2,23023,1661,1666,-3.42744473
Brain.1,PPP1R2,ZR751,ED,5504,2101,2106,-3.424970494
Brain.1,GGPS1,ZR751,ED,9453,2007,2012,-3.424326551
Bone.4,RPS19,MCF7,E2,6223,1606,1611,-3.423808529
Bone.3,COL4A5,MCF7,E2,1287,858,863,-3.423286849
Bone.6,NEFH,ZR751,ED,4744,1877,1882,-3.423226662
Bone.6,AKAP3,ZR751,ED,10566,1814,1819,-3.421846314
Brain.3,ENOPH1,ZR751,ED,58478,2613,2618,-3.421521942
Bone.3,PROSER1,MCF7,E2,80209,1105,1110,-3.421494251
Bone.4,KDM3A,MCF7,E2,55818,1467,1472,-3.419848696
Bone.4,UFL1,MCF7,E2,23376,1676,1681,-3.419848696
Bone.4,CAST,MCF7,E2,831,1343,1348,-3.4172355
Bone.4,MDK,MCF7,E2,4192,1493,1498,-3.413505067
Brain.4,LINC02720,MCF7,E2,101928944,2979,2984,-3.411519839
Brain.4,ZSCAN22,MCF7,E2,342945,3057,272,-3.411519839
Brain.2,SNORA3B,ZR751,ED,677826,2460,2465,-3.410202574
Brain.3,FLII,ZR751,ED,2314,2622,2627,-3.40995533
Brain.3,SOX4,ZR751,ED,6659,2818,2823,-3.40995533
Bone.2,KIAA1109,MCF7,E2,84162,3219,3208,-3.407840646
Bone.2,PCF11,MCF7,E2,51585,3264,3206,-3.407840646
Bone.3,DDX56,MCF7,E2,54606,877,882,-3.407308981
Bone.3,ZNF398,MCF7,E2,57541,1272,1277,-3.407308981
Kidney.1,TMEM65,MCF7,E2,157378,3234,449,-3.405852079
Adrenal.3,ADGRF4,MCF7,E2,221393,3215,216,-3.404059756
Brain.4,IFIT3,MCF7,E2,3437,2963,2968,-3.401656665
Brain.1,LMBR1,ZR751,ED,64327,2040,2045,-3.401371966
Brain.2,FAM20B,ZR751,ED,9917,2307,2312,-3.400732846
Brain.3,PPP2R3A,ZR751,ED,5523,2758,2763,-3.399443914
Brain.4,VCAN,MCF7,E2,1462,3049,264,-3.398761579
Brain.3,MTCH2,ZR751,ED,23788,2702,2707,-3.398295234
Brain.3,NBAS,ZR751,ED,51594,2712,2717,-3.398295234
Brain.3,SH3GLB1,ZR751,ED,51100,2802,2807,-3.398295234
Brain.3,WASHC5,ZR751,ED,9897,2869,2874,-3.398295234
Bone.6,PAPPA2,ZR751,ED,60676,1880,1885,-3.398219255
Bone.2,CAND1,MCF7,E2,55832,537,542,-3.396304672
Bone.5,HIPK1,MCF7,ED,204851,1735,1740,-3.394966884
Brain.3,SETD3,ZR751,ED,84193,2801,2806,-3.39352467
Bone.6,CASC1,ZR751,ED,55259,1827,1832,-3.392439159
Adrenal.3,NECAB1,MCF7,E2,64168,305,310,-3.39056519
Bone.3,H2AC11,MCF7,E2,8969,948,953,-3.38968459
Bone.4,CIT,MCF7,E2,11113,1359,1364,-3.389019258
Brain.3,FEM1C,ZR751,ED,56929,2621,2626,-3.386540131
Bone.3,TARS2,MCF7,E2,80222,1201,1206,-3.385766363
Adrenal.1,ANXA1,MCF7,E2,301,7,81,-3.385217537
Bone.5,RPL13,MCF7,ED,6137,1785,1790,-3.384612733
Brain.4,IFI27,MCF7,E2,3429,2960,2965,-3.384216074
Bone.5,AHNAK,MCF7,ED,79026,1712,1717,-3.38330483
Bone.4,PPFIA1,MCF7,E2,8500,1566,1571,-3.382049921
Brain.2,SUZ12,ZR751,ED,23512,2479,2484,-3.38104513
Bone.3,CEP78,MCF7,E2,84131,840,845,-3.378513408
Bone.3,MCM9,MCF7,E2,254394,1011,1016,-3.378513408
Adrenal.2,LINC00645,MCF7,E2,100505967,3203,3254,-3.377668956
Bone.4,UBE2Z,MCF7,E2,65264,1673,1678,-3.37566041
Brain.3,IFT140,ZR751,ED,9742,2661,2666,-3.374688459
Bone.3,ZWILCH,MCF7,E2,55055,1285,1290,-3.37400496
Brain.3,TTN,ZR751,ED,7273,2859,2864,-3.372613942
Bone.1,INTS4,MCF7,E2,92105,430,435,-3.372572213
Bone.4,IRAK1,MCF7,E2,3654,1455,1460,-3.371820765
Bone.6,PROX1,ZR751,ED,5629,1886,1891,-3.371309485
Brain.2,RNF213,ZR751,ED,57674,2433,2438,-3.370660023
Brain.2,DBI,ZR751,ED,1622,2282,2287,-3.370268863
Adrenal.3,CAPG,MCF7,E2,822,3226,227,-3.369862102
Bone.6,FRMPD1,ZR751,ED,22844,1852,1857,-3.369595297
Bone.6,SDK2,ZR751,ED,54549,1896,1901,-3.369595297
Brain.3,EIF3J,ZR751,ED,8669,2609,2614,-3.368725912
Brain.3,UBFD1,ZR751,ED,56061,2862,2867,-3.368725912
Adrenal.1,DCLK1,MCF7,E2,9201,30,3185,-3.368539974
Bone.1,BCKDHB,MCF7,E2,594,405,410,-3.368345164
Bone.3,CENPK,MCF7,E2,64105,839,844,-3.363897182
Bone.3,SCARNA18,MCF7,E2,677765,1143,1220,-3.363897182
Bone.2,UBB,MCF7,E2,7314,755,760,-3.36303882
Brain.3,ATRN,ZR751,ED,8455,2546,2551,-3.36273862
Bone.4,TAF1,MCF7,E2,6872,1649,1654,-3.360240135
Bone.6,DCLK1,ZR751,ED,9201,1836,1841,-3.360100439
Brain.4,DDX60,MCF7,E2,55601,2940,2945,-3.359543793
Bone.5,TPR,MCF7,ED,7175,1800,1805,-3.358882777
Brain.3,PDXK,ZR751,ED,8566,2740,2745,-3.356726376
Bone.2,YWHAE,MCF7,E2,7531,768,773,-3.356439677
Bone.6,LOC645202,ZR751,ED,645202,1921,1926,-3.355822141
Brain.2,SNORD3D,ZR751,ED,780854,2467,2472,-3.354651567
Brain.3,KRT8,ZR751,ED,3856,2676,2681,-3.353194963
Brain.3,C12orf4,ZR751,ED,57102,2556,2561,-3.350688973
Brain.3,RBM12B,ZR751,ED,389677,2773,2778,-3.350688973
Bone.3,BRAP,MCF7,E2,8315,815,820,-3.349131361
Bone.3,HNRNPLL,MCF7,E2,92906,960,965,-3.349131361
Bone.3,SIPA1L2,MCF7,E2,57568,1152,1229,-3.349131361
Bone.3,TENT4B,MCF7,E2,64282,1208,1213,-3.349131361
Bone.3,VHL,MCF7,E2,7428,1252,1257,-3.348047993
Bone.5,RPL23A,MCF7,ED,6147,1788,1793,-3.346888949
Bone.3,CPSF2,MCF7,E2,53981,863,868,-3.345145342
Brain.3,S100A13,ZR751,ED,6284,2791,2796,-3.344626198
Brain.3,TDRKH,ZR751,ED,11022,2832,2837,-3.344626198
Bone.6,SYNPO2,ZR751,ED,171024,1907,1912,-3.343309224
Bone.4,NUDT4,MCF7,E2,11163,1531,1536,-3.343209624
Brain.4,EFNA5,MCF7,E2,1946,2943,2948,-3.339658551
Brain.4,ZNF827,MCF7,E2,152485,3056,271,-3.339658551
Brain.3,ACAP2,ZR751,ED,23527,2534,2539,-3.339129339
Brain.2,DNAJC10,ZR751,ED,54431,2289,2294,-3.334635628
Brain.3,MYO9B,ZR751,ED,4650,2710,2715,-3.332956842
Adrenal.3,KYNU,MCF7,E2,8942,285,290,-3.332491247
Adrenal.1,DACH2,MCF7,E2,117154,29,95,-3.330524852
Brain.4,FUT9,MCF7,E2,10690,2948,2953,-3.330521133
Bone.4,TRIM25,MCF7,E2,7706,1666,1671,-3.326914343
Adrenal.1,LDLRAD4,MCF7,E2,753,52,3201,-3.326801422
Bone.5,GFRA1,MCF7,ED,2674,1725,1730,-3.326781128
Brain.3,ZNF609,ZR751,ED,23060,2888,2893,-3.326757824
Bone.4,MIR6516,MCF7,E2,102466864,1505,1510,-3.326070032
Brain.1,CEBPG,ZR751,ED,1054,1956,1961,-3.324587696
Bone.6,FLG,ZR751,ED,2312,1850,1855,-3.323155822
Brain.2,PPP1CA,ZR751,ED,5499,2416,2421,-3.31917998
Bone.3,PPP1R13L,MCF7,E2,10848,1103,1108,-3.319138454
Bone.3,MTUS1,MCF7,E2,57509,1032,1037,-3.317981096
Brain.1,SNORA50A,ZR751,ED,677830,2161,2166,-3.317400337
Bone.2,ARHGEF12,MCF7,E2,23365,520,525,-3.315926622
Bone.6,STOX2,ZR751,ED,56977,1905,1910,-3.315380526
Bone.4,ARF1,MCF7,E2,375,1314,1319,-3.314966055
Bone.2,MT-ND3,MCF7,E2,4537,3245,87,-3.311882312
Bone.2,RPS7,MCF7,E2,6201,710,3251,-3.31133524
Bone.4,IARS1,MCF7,E2,3376,1446,1451,-3.308954598
Brain.3,SERINC3,ZR751,ED,10955,2799,2804,-3.307999329
Bone.2,RUNX1,MCF7,E2,861,713,3254,-3.306712897
Bone.2,RPS5,MCF7,E2,6193,708,3249,-3.305171538
Bone.3,CITED2,MCF7,E2,10370,846,851,-3.303904887
Bone.3,EHBP1,MCF7,E2,23301,894,899,-3.303017013
Bone.6,SH3TC2,ZR751,ED,79628,1897,1902,-3.301626643
Bone.3,PTPRK,MCF7,E2,5796,1114,1119,-3.300355515
Brain.4,GABRP,MCF7,E2,2568,2950,2955,-3.298032796
Bone.3,EIF3J,MCF7,E2,8669,897,902,-3.297862901
Bone.2,MTHFD1,MCF7,E2,4522,3242,84,-3.297439949
Bone.2,RPRD2,MCF7,E2,23248,704,3245,-3.297439949
Bone.2,EP300,MCF7,E2,2033,3222,581,-3.294335674
Bone.2,NBPF26,MCF7,E2,101060684,3249,91,-3.293309796
Bone.6,C17orf77,ZR751,ED,146723,1823,1828,-3.293163563
Kidney.1,SPOP,MCF7,E2,8405,3228,443,-3.292804366
Adrenal.3,PLCXD3,MCF7,E2,345557,323,328,-3.292276424
Brain.3,HIP1R,ZR751,ED,9026,2651,2656,-3.292178754
Bone.1,TSPYL4,MCF7,E2,23270,488,493,-3.291612742
Brain.4,LRP1B,MCF7,E2,53353,2981,196,-3.291010984
Brain.3,RC3H1,ZR751,ED,149041,2775,2780,-3.289049771
Bone.3,KANSL1L,MCF7,E2,151050,978,983,-3.288508748
Brain.1,KMT5A,ZR751,ED,387893,2030,2035,-3.286328576
Adrenal.3,SGCG,MCF7,E2,6445,353,358,-3.284424929
Bone.3,IER2,MCF7,E2,9592,968,973,-3.283067199
Brain.3,CPNE3,ZR751,ED,8895,2589,2594,-3.282602459
Bone.3,IDH3A,MCF7,E2,3419,967,972,-3.282289155
Bone.3,GAB1,MCF7,E2,2549,926,931,-3.272946531
Bone.2,SMC4,MCF7,E2,10051,731,3272,-3.272607445
Adrenal.3,SULF1,MCF7,E2,23213,375,380,-3.270420465
Bone.2,DIDO1,MCF7,E2,11083,3209,568,-3.269441017
Brain.3,B4GALT1,ZR751,ED,2683,2549,2554,-3.260007428
Bone.6,C22orf24,ZR751,ED,25775,1825,1830,-3.259319025
Bone.6,SOX9-AS1,ZR751,ED,400618,1902,1907,-3.259319025
Bone.6,ABLIM3,ZR751,ED,22885,1810,1815,-3.259048609
Bone.6,ATP1A2,ZR751,ED,477,1819,1824,-3.259048609
Bone.6,PZP,ZR751,ED,5858,1890,1895,-3.259048609
Bone.6,ITGAL,ZR751,ED,3683,1864,1869,-3.25870384
Brain.3,ATXN2,ZR751,ED,6311,2547,2552,-3.256750484
Brain.3,TMF1,ZR751,ED,7110,2846,2851,-3.254497577
Brain.1,KIF4A,ZR751,ED,24137,2027,2032,-3.251050086
Bone.3,UIMC1,MCF7,E2,51720,1248,1253,-3.250628054
Bone.1,MKS1,MCF7,E2,54903,443,448,-3.244660718
Brain.3,NEMF,ZR751,ED,9147,2714,2719,-3.243648678
Brain.2,GOLGA8B,ZR751,ED,440270,2326,2331,-3.243591976
Brain.3,DACH1,ZR751,ED,1602,2594,2599,-3.24357419
Bone.2,ADCY1,MCF7,E2,107,508,513,-3.241741717
Bone.2,ASH1L,MCF7,E2,55870,524,529,-3.240626011
Bone.3,RASA1,MCF7,E2,5921,1126,1131,-3.239214335
Brain.1,KRT7,ZR751,ED,3855,2032,2037,-3.235881814
Brain.1,FNDC3A,ZR751,ED,22862,2001,2006,-3.23310526
Kidney.1,COPS2,MCF7,E2,9318,3099,314,-3.232775212
Kidney.1,POF1B,MCF7,E2,79983,3191,406,-3.232775212
Bone.1,PABPC4L,MCF7,E2,132430,453,458,-3.230316692
Brain.2,GOLGA4,ZR751,ED,2803,2324,2329,-3.229026218
Bone.2,NONO,MCF7,E2,4841,3256,3198,-3.2284478
Bone.4,AP2B1,MCF7,E2,163,1312,1317,-3.22843696
Brain.1,LCOR,ZR751,ED,84458,2035,2040,-3.228237453
Adrenal.3,GABRP,MCF7,E2,2568,3256,257,-3.226096045
Bone.1,TTI1,MCF7,E2,9675,489,494,-3.226093018
Bone.3,CELSR1,MCF7,E2,9620,837,842,-3.225877311
Bone.1,MRPS18B,MCF7,E2,28973,447,452,-3.225272952
Bone.3,SOX12,MCF7,E2,6666,1172,1249,-3.225226586
Bone.2,HSPA9,MCF7,E2,3313,3207,3196,-3.224365445
Adrenal.1,TGFB2,MCF7,E2,7042,86,88,-3.223238657
Bone.6,CSMD3,ZR751,ED,114788,1835,1840,-3.222969263
Bone.6,VWA3A,ZR751,ED,146177,1917,1922,-3.222969263
Bone.6,NEB,ZR751,ED,4703,1876,1881,-3.222045608
Brain.2,SNORA73B,ZR751,ED,26768,2465,2470,-3.221908049
Brain.1,CXADR,ZR751,ED,1525,1970,1975,-3.221707746
Brain.4,CAV1,MCF7,E2,857,2921,2926,-3.221212429
Brain.4,GRIN1,MCF7,E2,2902,2955,2960,-3.220439944
Bone.3,COL5A1,MCF7,E2,1289,859,864,-3.216570176
Bone.3,CLUH,MCF7,E2,23277,852,857,-3.214720589
Bone.6,GPR68,ZR751,ED,8111,1854,1859,-3.214464744
Bone.4,DVL3,MCF7,E2,1857,1396,1401,-3.213497095
Bone.3,PAFAH1B2,MCF7,E2,5049,1067,1072,-3.212582469
Bone.4,SEMA3D,MCF7,E2,223117,1615,1620,-3.210570262
Brain.4,MISP3,MCF7,E2,113230,2990,205,-3.210181994
Brain.1,SNORA12,ZR751,ED,677800,2159,2164,-3.20991509
Bone.3,ATF1,MCF7,E2,466,808,813,-3.20896261
Bone.3,C19orf53,MCF7,E2,28974,820,825,-3.20896261
Bone.3,FAM162A,MCF7,E2,26355,915,920,-3.20896261
Bone.3,TMEM214,MCF7,E2,54867,1220,1225,-3.20896261
Bone.3,WDR4,MCF7,E2,10785,1256,1261,-3.20896261
Bone.3,WWC1,MCF7,E2,23286,1259,1264,-3.20896261
Adrenal.3,PMP22,MCF7,E2,5376,325,330,-3.208695853
Bone.3,MSMB,MCF7,E2,4477,1028,1033,-3.207302535
Bone.1,PLD1,MCF7,E2,5337,455,460,-3.207283229
Brain.1,KIF11,ZR751,ED,3832,2026,2031,-3.205058291
Brain.2,ANKRD50,ZR751,ED,57182,2231,2236,-3.203531892
Brain.1,CAPNS1,ZR751,ED,826,1950,1955,-3.202578543
Bone.3,MAP1LC3B,MCF7,E2,81631,1006,1011,-3.201794204
Adrenal.3,SNORD14A,MCF7,E2,26822,364,369,-3.200596422
Bone.6,ACTN2,ZR751,ED,88,1811,1816,-3.20042745
Bone.6,CD4,ZR751,ED,920,1832,1837,-3.20042745
Bone.6,PTPRQ,ZR751,ED,374462,1889,1894,-3.20042745
Bone.4,CBX1,MCF7,E2,10951,1344,1349,-3.199034104
Bone.3,RAB31,MCF7,E2,11031,1122,1127,-3.197615611
Bone.2,RPL15,MCF7,E2,6138,701,3242,-3.197570628
Bone.3,UCHL5,MCF7,E2,51377,1245,1250,-3.197344835
Brain.1,CACNA1D,ZR751,ED,776,1947,1952,-3.197248401
Brain.1,PGAP6,ZR751,ED,58986,2094,2099,-3.197248401
Bone.3,ICMT,MCF7,E2,23463,964,969,-3.196264761
Bone.3,PHLDB1,MCF7,E2,23187,1083,1088,-3.196264761
Bone.3,SPOP,MCF7,E2,8405,1176,1253,-3.196264761
Bone.4,EGR1,MCF7,E2,1958,1400,1405,-3.196231348
Bone.4,FLNA,MCF7,E2,2316,1418,1423,-3.193832313
Bone.4,RFWD3,MCF7,E2,55159,1585,1590,-3.19188243
Bone.3,METTL2A,MCF7,E2,339175,1018,1023,-3.190714043
Brain.4,MIR1207,MCF7,E2,100302175,2988,203,-3.190006712
Brain.4,SLC27A6,MCF7,E2,28965,3033,248,-3.190006712
Bone.3,PSMC4,MCF7,E2,5704,1109,1114,-3.1898038
Brain.2,S100A14,ZR751,ED,57402,2446,2451,-3.189274473
Bone.3,LNCAROD,MCF7,E2,101928687,994,999,-3.188886332
Bone.4,PCBP1,MCF7,E2,5093,1542,1547,-3.187520364
Brain.3,EGLN1,ZR751,ED,54583,2607,2612,-3.187431214
Brain.1,ATP5F1E,ZR751,ED,514,1936,1941,-3.186349323
Brain.1,TMEM63A,ZR751,ED,9725,2189,2194,-3.184814888
Brain.3,PER2,ZR751,ED,8864,2741,2746,-3.183171982
Brain.1,NHLRC2,ZR751,ED,374354,2073,2078,-3.18150063
Brain.1,PER3,ZR751,ED,8863,2092,2097,-3.18150063
Bone.4,UBE3A,MCF7,E2,7337,1674,1679,-3.180952435
Brain.2,EEF2,ZR751,ED,1938,2292,2297,-3.180487926
Adrenal.3,OAS3,MCF7,E2,4940,311,316,-3.1800239
Kidney.1,CLK2,MCF7,E2,1196,3098,313,-3.176910748
Brain.4,BST2,MCF7,E2,684,2918,2923,-3.176867969
Brain.2,SEC62,ZR751,ED,7095,2448,2453,-3.176377488
Bone.3,GPR160,MCF7,E2,26996,940,945,-3.175874055
Bone.3,LZTS2,MCF7,E2,84445,1001,1006,-3.175874055
Bone.3,PTGES2,MCF7,E2,80142,1112,1117,-3.175874055
Bone.3,FERMT2,MCF7,E2,10979,918,923,-3.173932591
Bone.3,GRK6,MCF7,E2,2870,944,949,-3.173932591
Bone.3,RAPGEFL1,MCF7,E2,51195,1125,1130,-3.173932591
Adrenal.1,PMEPA1,MCF7,E2,56937,70,3219,-3.173259461
Bone.4,SMS,MCF7,E2,6611,1630,1635,-3.173032181
Bone.4,GCC2,MCF7,E2,9648,1424,1429,-3.172501617
Adrenal.3,RNA5S3,MCF7,E2,100169754,335,340,-3.172294548
Adrenal.3,RNA5S4,MCF7,E2,100169755,336,341,-3.172294548
Adrenal.3,CEACAM5,MCF7,E2,1048,3233,234,-3.171598582
Brain.3,BICDL1,ZR751,ED,92558,2550,2555,-3.169381355
Bone.6,APOB,ZR751,ED,338,1816,1821,-3.168826061
Bone.6,PPFIA4,ZR751,ED,8497,1885,1890,-3.168826061
Bone.6,IGFN1,ZR751,ED,91156,1863,1868,-3.167421575
Bone.6,ITGB8,ZR751,ED,3696,1865,1870,-3.167421575
Bone.2,HSPD1,MCF7,E2,3329,3209,3198,-3.167377939
Bone.3,IST1,MCF7,E2,9798,974,979,-3.16554249
Bone.4,MORF4L2,MCF7,E2,9643,1510,1515,-3.165344378
Kidney.1,STRADA,MCF7,E2,92335,3229,444,-3.164794953
Brain.4,HMCN1,MCF7,E2,83872,2958,2963,-3.164029079
Bone.4,EP300,MCF7,E2,2033,1404,1409,-3.163861609
Adrenal.3,RNA5S5,MCF7,E2,100169756,337,342,-3.163160851
Adrenal.3,RNA5S6,MCF7,E2,100169757,338,343,-3.161327152
Adrenal.3,RNA5S7,MCF7,E2,100169758,339,344,-3.161327152
Bone.4,ZNF148,MCF7,E2,7707,1693,1698,-3.161067313
Bone.3,RAB25,MCF7,E2,57111,1121,1126,-3.159040772
Brain.1,SLC25A44,ZR751,ED,9673,2153,2158,-3.157551904
Bone.3,TRIM25,MCF7,E2,7706,1235,1240,-3.156037148
Bone.4,RPL18A,MCF7,E2,6142,1603,1608,-3.155683598
Brain.1,RNA5S11,ZR751,ED,100169762,2123,2128,-3.155564991
Adrenal.3,MUC5AC,MCF7,E2,4586,301,306,-3.15534699
Brain.1,RNA5S10,ZR751,ED,100169761,2122,2127,-3.154560932
Bone.6,LOXL3,ZR751,ED,84695,1870,1875,-3.153002203
Bone.4,CALCOCO2,MCF7,E2,10241,1338,1343,-3.152140734
Bone.3,DCLRE1C,MCF7,E2,64421,874,879,-3.151249288
Bone.4,EIF4G2,MCF7,E2,1982,1402,1407,-3.150432536
Kidney.1,BCAP29,MCF7,E2,55973,3073,288,-3.148641625
Kidney.1,C11orf80,MCF7,E2,79703,3077,292,-3.148641625
Brain.3,KHDRBS1,ZR751,ED,10657,2670,2675,-3.148445049
Adrenal.3,RNA5S8,MCF7,E2,100169759,340,345,-3.146073097
Brain.1,RNA5S12,ZR751,ED,100169763,2124,2129,-3.145641551
Brain.1,RNA5S3,ZR751,ED,100169763,2130,2135,-3.145641551
Bone.5,EEF2,MCF7,ED,1938,1719,1724,-3.144167167
Bone.3,DDB2,MCF7,E2,1643,875,880,-3.142008757
Bone.3,VWA8,MCF7,E2,23078,1254,1259,-3.139772477
Bone.2,RBM8A,MCF7,E2,9939,691,3232,-3.139666906
Bone.4,UGDH,MCF7,E2,7358,1677,1682,-3.139142842
Adrenal.1,LRRTM3,MCF7,E2,347731,54,3203,-3.137258808
Kidney.1,RLF,MCF7,E2,6018,3204,419,-3.136741205
Brain.2,CD46,ZR751,ED,4179,2258,2263,-3.134965811
Brain.1,SAMD12,ZR751,ED,401474,2139,2144,-3.134180962
Bone.3,PLCD3,MCF7,E2,113026,1089,1094,-3.133999652
Brain.1,HEBP2,ZR751,ED,23593,2013,2018,-3.133198908
Brain.1,RAPGEF2,ZR751,ED,9693,2115,2120,-3.133198908
Bone.3,PPA1,MCF7,E2,5464,1101,1106,-3.128203634
Bone.4,RAB14,MCF7,E2,51552,1578,1583,-3.127303972
Bone.1,SOX2,MCF7,E2,6657,482,487,-3.126481114
Brain.2,TOP1,ZR751,ED,7150,2495,2500,-3.125102711
Bone.6,HOXB3,ZR751,ED,3213,1857,1862,-3.123202948
Bone.2,SEMA3C,MCF7,E2,10512,718,3259,-3.122688563
Brain.4,FAT4,MCF7,E2,79633,2945,2950,-3.122550029
Bone.4,MIR3648-2,MCF7,E2,103504731,1504,1509,-3.121043504
Bone.4,ARHGDIA,MCF7,E2,396,1316,1321,-3.120455439
Brain.3,DIAPH1,ZR751,ED,1729,2598,2603,-3.119216864
Brain.1,DTX3L,ZR751,ED,151636,1979,1984,-3.117438661
Bone.1,ZNF765,MCF7,E2,91661,496,501,-3.11689419
Bone.3,NDUFAB1,MCF7,E2,4706,1046,1051,-3.116541271
Bone.3,SNRPD2,MCF7,E2,6633,1170,1247,-3.116541271
Adrenal.3,TIMP3,MCF7,E2,7078,384,389,-3.116384849
Brain.1,AQR,ZR751,ED,9716,1933,1938,-3.116019958
Bone.4,OAS2,MCF7,E2,4939,1533,1538,-3.115871621
Brain.3,PSME4,ZR751,ED,23198,2763,2768,-3.112861547
Bone.2,PGR,MCF7,E2,5241,3269,3211,-3.111523
Bone.2,RPL41,MCF7,E2,6171,702,3243,-3.111224099
Kidney.1,ZNF736,MCF7,E2,728927,3256,471,-3.110908282
Brain.3,RNA5S9,ZR751,ED,100169760,2780,2785,-3.109319294
Adrenal.3,KRT80,MCF7,E2,144501,284,289,-3.108579592
Adrenal.1,SELL,MCF7,E2,6402,74,76,-3.108498576
Brain.1,ABCG1,ZR751,ED,9619,1923,1928,-3.108427761
Brain.1,RASSF3,ZR751,ED,283349,2116,2121,-3.108427761
Bone.2,ZNF217,MCF7,E2,7764,774,779,-3.107797096
Adrenal.1,NFIA,MCF7,E2,4774,59,3208,-3.105322625
Kidney.1,ATXN10,MCF7,E2,25814,3071,286,-3.104660399
Adrenal.1,TGM2,MCF7,E2,7052,87,89,-3.100075831
Brain.1,AK3,ZR751,ED,50808,1928,1933,-3.100075285
Adrenal.2,ZNF573,MCF7,E2,126231,3210,211,-3.099069286
Adrenal.3,IFIT2,MCF7,E2,3433,3272,273,-3.098263637
Adrenal.3,RNA5S2,MCF7,E2,100169753,334,339,-3.097587724
Bone.3,NEDD1,MCF7,E2,121441,1048,1053,-3.09292985
Bone.3,PRXL2A,MCF7,E2,84293,1108,1113,-3.09292985
Bone.4,YY1,MCF7,E2,7528,1689,1694,-3.092731495
Bone.3,MKRN2,MCF7,E2,23609,1022,1027,-3.091621934
Brain.2,MT-ATP8,ZR751,ED,4509,2372,2377,-3.088957721
Bone.4,CS,MCF7,E2,1431,1370,1375,-3.088058596
Adrenal.3,MPZL2,MCF7,E2,10205,298,303,-3.087958974
Adrenal.3,S100A10,MCF7,E2,6281,347,352,-3.087154867
Brain.2,RERE,ZR751,ED,473,2430,2435,-3.086736665
Brain.3,CCDC57,ZR751,ED,284001,2568,2573,-3.085585858
Bone.3,HSPB1,MCF7,E2,3315,962,967,-3.085267585
Brain.4,XAF1,MCF7,E2,54739,3052,267,-3.083792612
Brain.3,HIPK3,ZR751,ED,10114,2653,2658,-3.083749012
Brain.2,CCND1,ZR751,ED,595,2256,2261,-3.083692023
Brain.2,RAB13,ZR751,ED,5872,2427,2432,-3.083045156
Bone.4,RPL31,MCF7,E2,6160,1604,1609,-3.082721625
Bone.3,GYS1,MCF7,E2,2997,946,951,-3.08097763
Bone.3,SPC24,MCF7,E2,147841,1175,1252,-3.08097763
Brain.4,ZNF462,MCF7,E2,58499,3054,269,-3.076520858
Adrenal.2,BRINP3,MCF7,E2,339479,111,3213,-3.07571723
Brain.1,INTS7,ZR751,ED,25896,2020,2025,-3.07472374
Adrenal.3,ACKR3,MCF7,E2,57007,3212,213,-3.072698087
Brain.2,SNORA22,ZR751,ED,677807,2459,2464,-3.072449532
Brain.3,ZNF462,ZR751,ED,58499,2886,2891,-3.071578272
Brain.2,PTPRS,ZR751,ED,5802,2425,2430,-3.071141575
Brain.1,GPR160,ZR751,ED,26996,2010,2015,-3.070972042
Kidney.1,HMMR,MCF7,E2,3161,3137,352,-3.070771612
Bone.4,CLNS1A,MCF7,E2,1207,1362,1367,-3.069214154
Bone.2,RPSA,MCF7,E2,3921,711,3252,-3.067748067
Bone.3,USP53,MCF7,E2,54532,1250,1255,-3.067472618
Bone.2,YLPM1,MCF7,E2,56252,766,771,-3.067310536
Brain.4,PXYLP1,MCF7,E2,92370,3013,228,-3.06722767
Brain.1,SC5D,ZR751,ED,6309,2141,2146,-3.066173252
Brain.4,KLHL23,MCF7,E2,100526832,2971,2976,-3.065035102
Bone.3,POR,MCF7,E2,5447,1100,1105,-3.062773938
Bone.2,STAT1,MCF7,E2,6772,735,3276,-3.061646305
Bone.3,RTRAF,MCF7,E2,51637,1139,1216,-3.059260769
Brain.3,MTDH,ZR751,ED,92140,2703,2708,-3.058246849
Adrenal.3,LOXL1,MCF7,E2,4016,292,297,-3.057931697
Brain.3,ARPC5,ZR751,ED,10092,2544,2549,-3.057784539
Brain.2,CALR,ZR751,ED,811,2251,2256,-3.054219916
Kidney.1,FAM111A,MCF7,E2,63901,3125,340,-3.053943473
Bone.3,GATD1,MCF7,E2,347862,929,934,-3.053695316
Brain.3,HIPK2,ZR751,ED,28996,2652,2657,-3.053232784
Bone.1,ABCC5,MCF7,E2,10057,398,403,-3.052128936
Brain.2,SLC7A6,ZR751,ED,9057,2457,2462,-3.050861349
Bone.3,ANKRD26,MCF7,E2,22852,797,802,-3.048188945
Bone.4,SNX5,MCF7,E2,27131,1634,1639,-3.047715709
Brain.4,COL5A1,MCF7,E2,1289,2933,2938,-3.04581849
Brain.3,MUC19,ZR751,ED,283463,2706,2711,-3.045772255
Adrenal.3,EGR1,MCF7,E2,1958,3250,251,-3.043372164
Brain.2,HNRNPU,ZR751,ED,3192,2335,2340,-3.041159123
Brain.2,RPSA,ZR751,ED,3921,2445,2450,-3.039552189
Kidney.1,SEPTIN8,MCF7,E2,23176,3212,427,-3.038365165
Brain.1,ERI2,ZR751,ED,112479,1989,1994,-3.035841045
Adrenal.3,RNA5S1,MCF7,E2,100169751,332,337,-3.035696953
Bone.3,ENO2,MCF7,E2,2026,903,908,-3.035364863
Bone.3,PIGS,MCF7,E2,94005,1084,1089,-3.035364863
Bone.3,SLC19A2,MCF7,E2,10560,1155,1232,-3.035364863
Bone.3,RALGDS,MCF7,E2,5900,1124,1129,-3.032153233
Bone.2,THBS1,MCF7,E2,7057,739,3280,-3.031224038
Bone.6,SOX6,ZR751,ED,55553,1901,1906,-3.030909108
Bone.1,MRC2,MCF7,E2,9902,445,450,-3.02905895
Bone.3,TRIM24,MCF7,E2,8805,1234,1239,-3.028887393
Bone.2,SF3B2,MCF7,E2,10992,719,3260,-3.026629209
Brain.4,OAS1,MCF7,E2,4938,2998,213,-3.026148889
Bone.3,MTOR,MCF7,E2,2475,1030,1035,-3.025841753
Brain.1,ODF2L,ZR751,ED,57489,2079,2084,-3.0238806
Brain.2,SNORD45A,ZR751,ED,26805,2468,2473,-3.022739808
Bone.6,ATP1A4,ZR751,ED,480,1820,1825,-3.022550265
Bone.6,FAM186A,ZR751,ED,121006,1847,1852,-3.022550265
Adrenal.1,CDH26,MCF7,E2,60437,19,93,-3.021373504
Bone.1,RNA5S1,MCF7,E2,100169751,467,472,-3.021338855
Brain.1,CIC,ZR751,ED,23152,1959,1964,-3.020947736
Bone.6,TRIM55,ZR751,ED,84675,1912,1917,-3.017622648
Bone.3,GFOD2,MCF7,E2,81577,930,935,-3.016798509
Bone.3,TRAF3,MCF7,E2,7187,1232,1237,-3.016798509
Bone.3,ITFG1,MCF7,E2,81533,975,980,-3.007424955
Bone.2,PRKAR1A,MCF7,E2,5573,3279,3221,-3.006775305
Bone.4,RNF40,MCF7,E2,9810,1598,1603,-3.006212157
Brain.2,IGFBP5,ZR751,ED,3488,2341,2346,-3.002848591
Bone.2,NIPBL,MCF7,E2,25836,3253,95,-3.000130769
Bone.3,ZNF678,MCF7,E2,339500,1280,1285,-2.997990101
Kidney.1,PDLIM5,MCF7,E2,10611,3183,398,-2.997179591
Bone.2,TUBA1B,MCF7,E2,10376,754,759,-2.992741975
Bone.6,CCDC168,ZR751,ED,643677,1828,1833,-2.991205634
Brain.1,BICDL1,ZR751,ED,92558,1940,1945,-2.98945908
Brain.2,CHD2,ZR751,ED,1106,2266,2271,-2.989171392
Brain.2,SRGAP1,ZR751,ED,57522,2474,2479,-2.988617122
Bone.4,SURF4,MCF7,E2,6836,1646,1651,-2.986260093
Bone.3,CLASP2,MCF7,E2,23122,849,854,-2.983791123
Bone.3,ZNF618,MCF7,E2,114991,1278,1283,-2.982973789
Adrenal.3,SCARNA15,MCF7,E2,677778,350,355,-2.982926587
Bone.3,ELOVL7,MCF7,E2,79993,900,905,-2.981618443
Bone.4,UBE2H,MCF7,E2,7328,1672,1677,-2.981228662
Brain.1,RNA5S16,ZR751,ED,100169767,2128,2133,-2.980746475
Bone.4,NUMA1,MCF7,E2,4926,1532,1537,-2.978088304
Adrenal.1,SULF1,MCF7,E2,23213,82,84,-2.976469636
Brain.1,GOLGA7,ZR751,ED,51125,2009,2014,-2.976423241
Bone.4,MIA3,MCF7,E2,375056,1498,1503,-2.976179623
Bone.3,NCAPG,MCF7,E2,64151,1043,1048,-2.975175291
Bone.2,COX6C,MCF7,E2,1345,3201,560,-2.974874024
Brain.1,RNA5S15,ZR751,ED,100169766,2127,2132,-2.9741645
Brain.1,RNA5S17,ZR751,ED,100169768,2129,2134,-2.972383856
Adrenal.1,COL18A1-AS1,MCF7,E2,378832,23,95,-2.971460569
Brain.4,IFIT1,MCF7,E2,3434,2962,2967,-2.970418973
Brain.2,REEP5,ZR751,ED,7905,2429,2434,-2.968494422
Bone.4,DTX3L,MCF7,E2,151636,1395,1400,-2.967595788
Bone.3,KIAA0586,MCF7,E2,9786,980,985,-2.965952751
Brain.2,CCT5,ZR751,ED,22948,2257,2262,-2.96278435
Bone.1,RNA5S5,MCF7,E2,100169756,471,476,-2.961364645
Bone.1,RNA5S6,MCF7,E2,100169757,472,477,-2.961364645
Brain.1,RNA5S14,ZR751,ED,100169765,2126,2131,-2.960526841
Bone.1,RNA5S4,MCF7,E2,100169755,470,475,-2.959603116
Bone.1,RNA5S2,MCF7,E2,100169753,468,473,-2.958217547
Bone.1,RNA5S3,MCF7,E2,100169754,469,474,-2.958217547
Bone.6,HOXB6,ZR751,ED,3216,1858,1863,-2.956780393
Adrenal.3,UNC13D,MCF7,E2,201294,388,393,-2.956582123
Brain.1,RNA5S13,ZR751,ED,100169764,2125,2130,-2.955646186
Adrenal.2,GLRA3,MCF7,E2,8001,134,3236,-2.950479875
Adrenal.2,KCNC2,MCF7,E2,3747,3194,3245,-2.949860883
Adrenal.3,SHFL,MCF7,E2,55337,355,360,-2.949026865
Bone.3,PWP1,MCF7,E2,11137,1117,1122,-2.942520701
Bone.4,SLC6A14,MCF7,E2,11254,1626,1631,-2.9392429
Bone.3,SZRD1,MCF7,E2,26099,1199,1204,-2.938368469
Bone.2,BRWD1,MCF7,E2,54014,532,537,-2.93747151
Adrenal.3,DSG2,MCF7,E2,1829,3248,249,-2.930666335
Adrenal.3,COL4A5,MCF7,E2,1287,3237,238,-2.930328016
Adrenal.3,AHNAK2,MCF7,E2,113146,3216,217,-2.93006512
Kidney.1,MGP,MCF7,E2,4256,3162,377,-2.929534341
Bone.4,COL4A5,MCF7,E2,1287,1365,1370,-2.929171284
Bone.4,ATF7IP,MCF7,E2,55729,1320,1325,-2.926464829
Brain.4,PRUNE2,MCF7,E2,158471,3012,227,-2.923792324
Bone.6,KALRN,ZR751,ED,8997,1866,1871,-2.918751452
Adrenal.1,SPOCK1,MCF7,E2,6695,80,82,-2.915252038
Bone.3,LMBR1,MCF7,E2,64327,992,997,-2.914712646
Adrenal.3,SNORD96A,MCF7,E2,619571,369,374,-2.912876788
Bone.3,SP100,MCF7,E2,6672,1173,1250,-2.912318968
Brain.3,PHKB,ZR751,ED,5257,2743,2748,-2.910813597
Brain.1,DOCK1,ZR751,ED,1793,1976,1981,-2.909997272
Bone.3,ZNF263,MCF7,E2,10127,1271,1276,-2.909109841
Bone.6,OTOGL,ZR751,ED,283310,1879,1884,-2.908922038
Bone.3,SUPT20H,MCF7,E2,55578,1193,1270,-2.908024049
Adrenal.3,SCARNA11,MCF7,E2,677780,349,354,-2.907353282
Brain.2,SNORA6,ZR751,ED,574040,2463,2468,-2.902776321
Brain.3,CAPN2,ZR751,ED,824,2560,2565,-2.902443684
Bone.6,CCER1,ZR751,ED,196477,1829,1834,-2.902064628
Bone.6,XYLT1,ZR751,ED,64131,1919,1924,-2.902064628
Adrenal.3,EGLN3,MCF7,E2,112399,3249,250,-2.899511953
Bone.3,STXBP3,MCF7,E2,6814,1191,1268,-2.898352018
Brain.4,TGFB2,MCF7,E2,7042,3042,257,-2.898189367
Bone.1,AKR1C2,MCF7,E2,1646,400,405,-2.896733773
Bone.4,RPL17,MCF7,E2,6139,1602,1607,-2.89474219
Bone.6,CA14,ZR751,ED,23632,1826,1831,-2.892536926
Adrenal.1,OLFML2A,MCF7,E2,169611,62,3211,-2.891781372
Brain.3,TPM4,ZR751,ED,7171,2852,2857,-2.891244417
Bone.2,BPTF,MCF7,E2,2186,529,534,-2.890381675
Bone.4,ALCAM,MCF7,E2,214,1305,1310,-2.89024763
Bone.4,DNAJA1,MCF7,E2,3301,1390,1395,-2.89024763
Adrenal.3,PARP10,MCF7,E2,84875,314,319,-2.88909502
Bone.1,RNA5S8,MCF7,E2,100169759,474,479,-2.88724063
Bone.4,H2BC21,MCF7,E2,8349,1434,1439,-2.887231668
Bone.1,RNA5S7,MCF7,E2,100169758,473,478,-2.884602363
Brain.1,EIF1AX,ZR751,ED,1964,1984,1989,-2.882958839
Bone.3,LRCH1,MCF7,E2,23143,996,1001,-2.88288955
Brain.1,HSBP1,ZR751,ED,3281,2016,2021,-2.881776895
Bone.6,SORBS2,ZR751,ED,8470,1900,1905,-2.880417164
Bone.4,PSMA4,MCF7,E2,5685,1570,1575,-2.875829097
Brain.3,IQCE,ZR751,ED,23288,2664,2669,-2.874320406
Bone.3,RND3,MCF7,E2,390,1132,1209,-2.872488396
Adrenal.1,AARD,MCF7,E2,441376,1,1,-2.872290552
Brain.1,MPDZ,ZR751,ED,8777,2063,2068,-2.871961587
Bone.1,PCDH10,MCF7,E2,57575,454,459,-2.871487941
Brain.2,CAPRIN1,ZR751,ED,4076,2252,2257,-2.871476962
Bone.2,RPS20,MCF7,E2,6224,706,3247,-2.87080688
Bone.3,STRADA,MCF7,E2,92335,1189,1266,-2.86796786
Adrenal.3,SNORA44,MCF7,E2,677825,359,364,-2.866516526
Brain.3,RIMKLB,ZR751,ED,57494,2779,2784,-2.865766175
Brain.4,ROBO1,MCF7,E2,6091,3019,234,-2.864948482
Brain.2,NIPBL,ZR751,ED,25836,2388,2393,-2.858607871
Adrenal.3,DSC2,MCF7,E2,1824,3247,248,-2.858542324
Bone.6,F8,ZR751,ED,2157,1846,1851,-2.857910815
Bone.6,FHOD3,ZR751,ED,80206,1849,1854,-2.856425945
Bone.6,THEM4,ZR751,ED,117145,1908,1913,-2.856425945
Adrenal.3,TGM2,MCF7,E2,7052,383,388,-2.85625319
Bone.3,RAD51C,MCF7,E2,5889,1123,1128,-2.854297508
Bone.6,MGST1,ZR751,ED,4257,1872,1877,-2.854179265
Adrenal.1,INAVA,MCF7,E2,55765,44,3193,-2.852172495
Adrenal.3,LINC00052,MCF7,E2,145978,289,294,-2.851048274
Brain.3,SSPN,ZR751,ED,8082,2825,2830,-2.848504029
Kidney.1,ATF7IP2,MCF7,E2,80063,3069,284,-2.844537786
Bone.5,PABPC1,MCF7,ED,26986,1758,1763,-2.840670368
Bone.3,KPNA3,MCF7,E2,3839,985,990,-2.839873254
Brain.2,RPL4,ZR751,ED,6124,2441,2446,-2.838846359
Adrenal.1,NREP,MCF7,E2,9315,61,3210,-2.837445786
Bone.3,ELP1,MCF7,E2,8518,901,906,-2.834635177
Adrenal.2,RASGRP1,MCF7,E2,10125,82,3280,-2.833269871
Bone.6,CD101,ZR751,ED,9398,1830,1835,-2.833053525
Brain.4,FSTL3,MCF7,E2,10272,2947,2952,-2.832890513
Brain.4,NBPF6,MCF7,E2,653149,2995,210,-2.830201733
Brain.4,MX1,MCF7,E2,4599,2993,208,-2.829523338
Bone.2,RACK1,MCF7,E2,10399,689,3230,-2.828583545
Brain.3,PPP1CA,ZR751,ED,5499,2756,2761,-2.826486426
Brain.2,PTPRF,ZR751,ED,5792,2424,2429,-2.823077071
Kidney.1,ATP11C,MCF7,E2,286410,3070,285,-2.821917657
Bone.2,RPL13A,MCF7,E2,23521,700,3241,-2.82092846
Bone.4,MIR3648-1,MCF7,E2,100500862,1503,1508,-2.819345663
Brain.3,CTDSP2,ZR751,ED,10106,2591,2596,-2.816310122
Adrenal.3,IFI6,MCF7,E2,2537,3269,270,-2.814999646
Bone.6,PIANP,ZR751,ED,196500,1882,1887,-2.81477385
Brain.2,RPL3,ZR751,ED,6122,2440,2445,-2.811518697
Bone.4,VAV3,MCF7,E2,10451,1678,1683,-2.811399822
Adrenal.3,SOX9,MCF7,E2,6662,371,376,-2.810100518
Bone.3,ZHX1,MCF7,E2,11244,1269,1274,-2.806784554
Adrenal.3,SP110,MCF7,E2,3431,372,377,-2.806432045
Bone.5,ACTB,MCF7,ED,60,1709,1714,-2.806276951
Brain.2,HECTD4,ZR751,ED,283450,2331,2336,-2.804993914
Bone.3,MBD4,MCF7,E2,8930,1008,1013,-2.802398283
Brain.3,LPGAT1,ZR751,ED,9926,2681,2686,-2.800141744
Brain.2,RPS3A,ZR751,ED,6189,2444,2449,-2.799617628
Brain.4,BMPER,MCF7,E2,168667,2916,2921,-2.798771664
Bone.3,AP1M2,MCF7,E2,10053,800,805,-2.798330988
Adrenal.1,HPGD,MCF7,E2,3248,41,3190,-2.792489769
Brain.2,CLIP1,ZR751,ED,6249,2270,2275,-2.79204991
Bone.6,PLXNA4,ZR751,ED,91584,1884,1889,-2.791359051
Bone.5,GAPDH,MCF7,ED,2597,1723,1728,-2.790110728
Adrenal.1,IFI44,MCF7,E2,10561,42,3191,-2.785693835
Bone.6,AHNAK2,ZR751,ED,113146,1813,1818,-2.784033189
Bone.3,DNAJC2,MCF7,E2,27000,884,889,-2.781591503
Adrenal.1,PLEKHH2,MCF7,E2,130271,69,3218,-2.781344042
Bone.3,EEF1A2,MCF7,E2,1917,891,896,-2.780868179
Adrenal.3,BASP1,MCF7,E2,10409,3222,223,-2.778518907
Adrenal.3,SNORD11,MCF7,E2,692058,363,368,-2.778014137
Bone.3,CNOT6L,MCF7,E2,246175,855,860,-2.775963041
Adrenal.3,MYO1B,MCF7,E2,4430,303,308,-2.775838388
Brain.1,VCL,ZR751,ED,7414,2204,2209,-2.774388772
Adrenal.3,TGFBI,MCF7,E2,7045,382,387,-2.771378503
Adrenal.1,AREG,MCF7,E2,374,8,82,-2.771229779
Brain.1,FBRSL1,ZR751,ED,57666,1997,2002,-2.769531785
Bone.6,USH2A,ZR751,ED,7399,1915,1920,-2.769262808
Brain.4,COL4A6,MCF7,E2,1288,2932,2937,-2.768942841
Bone.3,LRPAP1,MCF7,E2,4043,998,1003,-2.768615183
Bone.3,CEMIP2,MCF7,E2,23670,838,843,-2.766819593
Brain.2,IPO9,ZR751,ED,55705,2342,2347,-2.765114773
Brain.2,RPL7,ZR751,ED,6129,2443,2448,-2.76408746
Adrenal.1,FIRRE,MCF7,E2,286467,36,3191,-2.763812961
Adrenal.1,CACHD1,MCF7,E2,57685,15,89,-2.762275036
Adrenal.3,LOXL1-AS1,MCF7,E2,100287616,293,298,-2.762179832
Bone.6,ABCC12,ZR751,ED,94160,1808,1813,-2.760574715
Kidney.1,TSPAN13,MCF7,E2,27075,3242,457,-2.759139035
Adrenal.3,BMERB1,MCF7,E2,89927,3223,224,-2.75650886
Brain.2,NONO,ZR751,ED,4841,2393,2398,-2.750999626
Bone.3,OBSL1,MCF7,E2,23363,1063,1068,-2.748695715
Bone.6,COL6A6,ZR751,ED,131873,1834,1839,-2.748509168
Bone.4,HMGB3,MCF7,E2,3149,1439,1444,-2.743660103
Brain.1,KRT80,ZR751,ED,144501,2033,2038,-2.74168546
Brain.4,RIMS4,MCF7,E2,140730,3016,231,-2.740890205
Adrenal.3,SCARNA18,MCF7,E2,677765,351,356,-2.738404136
Adrenal.3,GLRA3,MCF7,E2,8001,3259,260,-2.736778672
Adrenal.2,EPHA4,MCF7,E2,2043,129,3231,-2.73298153
Bone.6,C1R,ZR751,ED,715,1824,1829,-2.732579247
Bone.2,CANX,MCF7,E2,821,538,543,-2.732185128
Brain.2,EEF1G,ZR751,ED,1937,2291,2296,-2.73183592
Brain.3,TMCO3,ZR751,ED,55002,2841,2846,-2.731583488
Brain.2,DSTN,ZR751,ED,11034,2290,2295,-2.730847271
Brain.2,CTNNA1,ZR751,ED,1495,2279,2284,-2.724893861
Brain.3,ENO1,ZR751,ED,2023,2612,2617,-2.7182842
Brain.3,TET2,ZR751,ED,54790,2834,2839,-2.717164326
Brain.2,MT-ND2,ZR751,ED,4536,2375,2380,-2.713659656
Bone.6,A2M,ZR751,ED,2,1806,1811,-2.711277468
Bone.6,TLL1,ZR751,ED,7092,1910,1915,-2.71015015
Brain.1,TRA2B,ZR751,ED,6434,2192,2197,-2.709723862
Adrenal.3,CDR1,MCF7,E2,1038,3232,233,-2.708405444
Adrenal.3,SNORA80A,MCF7,E2,677846,362,367,-2.707867483
Bone.3,TMX4,MCF7,E2,56255,1227,1232,-2.707281825
Adrenal.3,OAS2,MCF7,E2,4939,310,315,-2.707185108
Bone.4,TTC3,MCF7,E2,7267,1669,1674,-2.706843875
Bone.3,SMAD3,MCF7,E2,4088,1166,1243,-2.706362941
Adrenal.3,PCDH10,MCF7,E2,57575,316,321,-2.69661588
Brain.1,FAM199X,ZR751,ED,139231,1993,1998,-2.696056371
Brain.2,WDR26,ZR751,ED,80232,2511,2516,-2.695777518
Bone.3,NPLOC4,MCF7,E2,55666,1055,1060,-2.691532229
Bone.6,DISC1,ZR751,ED,27185,1838,1843,-2.691378662
Bone.6,SLC1A2,ZR751,ED,6506,1898,1903,-2.689656444
Brain.2,SNORA14B,ZR751,ED,677802,2458,2463,-2.685255512
Adrenal.3,MIR4449,MCF7,E2,100616436,297,302,-2.684712478
Brain.2,NUCKS1,ZR751,ED,64710,2396,2401,-2.682317955
Bone.3,ANP32A,MCF7,E2,8125,799,804,-2.67527838
Brain.4,CDR1,MCF7,E2,1038,2924,2929,-2.671173546
Brain.4,LCP1,MCF7,E2,3936,2975,2980,-2.663691425
Brain.4,MEIS1,MCF7,E2,4211,2987,202,-2.661829832
Adrenal.1,ARHGAP26,MCF7,E2,23092,9,83,-2.661092801
Kidney.1,LTBP1,MCF7,E2,4052,3157,372,-2.658517397
Adrenal.3,SNORD58A,MCF7,E2,26791,367,372,-2.653719603
Adrenal.1,KRT80,MCF7,E2,144501,51,3200,-2.651960094
Adrenal.3,SNORD60,MCF7,E2,26788,368,373,-2.64906711
Brain.2,RPL22,ZR751,ED,6146,2438,2443,-2.647292786
Brain.1,PTPRS,ZR751,ED,5802,2110,2115,-2.643954392
Bone.3,AREG,MCF7,E2,374,802,807,-2.642947938
Brain.4,DDX58,MCF7,E2,23586,2939,2944,-2.64231213
Bone.2,RPL13,MCF7,E2,6137,699,3240,-2.637815559
Brain.4,BMP5,MCF7,E2,653,2915,2920,-2.636271643
Brain.1,KIAA1217,ZR751,ED,56243,2025,2030,-2.630302564
Brain.4,FAM169A,MCF7,E2,26049,2944,2949,-2.628857118
Brain.1,RHOB,ZR751,ED,388,2120,2125,-2.625717452
Adrenal.3,OAS1,MCF7,E2,4938,309,314,-2.620754994
Adrenal.2,TSIX,MCF7,E2,9383,3204,205,-2.618096166
Adrenal.3,PMEPA1,MCF7,E2,56937,324,329,-2.611068622
Brain.4,RABEPK,MCF7,E2,10244,3014,229,-2.605055142
Brain.4,MPZL2,MCF7,E2,10205,2992,207,-2.599137054
Bone.3,QSER1,MCF7,E2,79832,1119,1124,-2.594028974
Adrenal.3,IFIH1,MCF7,E2,64135,3270,271,-2.592655103
Bone.3,HIP1,MCF7,E2,3092,957,962,-2.591196747
Bone.6,RNU4-2,ZR751,ED,26834,1892,1897,-2.588158946
Brain.2,PRKAR1A,ZR751,ED,5573,2419,2424,-2.584710238
Brain.2,MT-ND4,ZR751,ED,4538,2376,2381,-2.582288595
Adrenal.3,SNORD26,MCF7,E2,9302,365,370,-2.579155872
Brain.2,WNK1,ZR751,ED,65125,2512,2517,-2.57852942
Brain.4,PLSCR1,MCF7,E2,5359,3009,224,-2.578106246
Adrenal.2,LDLRAD4,MCF7,E2,753,3202,3253,-2.575542385
Brain.2,P4HB,ZR751,ED,5034,2401,2406,-2.572452754
Adrenal.3,SNORA61,MCF7,E2,677838,361,366,-2.557146466
Bone.3,SLC7A2,MCF7,E2,6542,1164,1241,-2.554792407
Brain.2,RPL23A,ZR751,ED,6147,2439,2444,-2.545551875
Brain.2,CLTC,ZR751,ED,1213,2271,2276,-2.542996919
Bone.3,SYT10,MCF7,E2,341359,1198,1203,-2.541436414
Brain.4,PARP9,MCF7,E2,83666,3002,217,-2.539646843
Adrenal.2,ITGB6,MCF7,E2,3694,3192,3243,-2.536702724
Adrenal.3,SNORD33,MCF7,E2,26818,366,371,-2.533150277
Adrenal.3,RNA5S17,MCF7,E2,100169768,333,338,-2.522726533
Adrenal.2,KCNK2,MCF7,E2,3776,3196,3247,-2.520226768
Bone.2,ACTG1,MCF7,E2,71,503,508,-2.518137314
Adrenal.3,NPY1R,MCF7,E2,4886,306,311,-2.509289439
Adrenal.3,SNORA50C,MCF7,E2,677842,360,365,-2.509124112
Adrenal.3,RNU6ATAC,MCF7,E2,100151684,343,348,-2.50372556
Brain.1,SCARNA22,ZR751,ED,677770,2144,2149,-2.499910873
Adrenal.3,IFIT1,MCF7,E2,3434,3271,272,-2.49618229
Brain.2,ACTB,ZR751,ED,60,2223,2228,-2.446273702
Adrenal.1,THBS1,MCF7,E2,7057,88,90,-2.438315514
Brain.2,MT-ND5,ZR751,ED,4540,2377,2382,-2.407523466
