1,sample,gene,cell_line,E2_status,entrez_id,row_names,col_idn,logFC
2,Adrenal.1,PKIB,MCF7,E2,5570,66,3215,2.414051751
3,Brain.4,ATP2A3,MCF7,E2,489,2909,2914,2.427020128
4,Brain.4,S100A14,MCF7,E2,57402,3021,236,2.447169295
5,Bone.1,RNU1-4,MCF7,E2,6060,477,482,2.448669042
6,Adrenal.2,GPR37L1,MCF7,E2,9283,136,3238,2.458409617
7,Adrenal.1,MAP3K8,MCF7,E2,1326,55,3204,2.458578997
8,Brain.4,CEACAM6,MCF7,E2,4680,2925,2930,2.465891468
9,Brain.2,RPL10A,ZR751,ED,4736,2435,2440,2.469263987
10,Brain.1,CSTF3,ZR751,ED,1479,1968,1973,2.473395274
11,Brain.1,PXMP4,ZR751,ED,11264,2111,2116,2.482270954
12,Brain.4,NECTIN4,MCF7,E2,81607,2997,212,2.489513198
13,Bone.1,RNU1-3,MCF7,E2,26869,476,481,2.499613478
14,Brain.3,SLC12A4,ZR751,ED,6560,2808,2813,2.500906419
15,Brain.1,MUC1,ZR751,ED,4582,2069,2074,2.508995957
16,Adrenal.3,EPHA3,MCF7,E2,2042,3252,253,2.522019844
17,Bone.1,SIAE,MCF7,E2,54414,479,484,2.529916463
18,Bone.3,PARP8,MCF7,E2,79668,1068,1073,2.536627738
19,Bone.3,PRR26,MCF7,E2,414235,1107,1112,2.536627738
20,Brain.3,KIDINS220,ZR751,ED,57498,2673,2678,2.537658628
21,Bone.1,TSIX,MCF7,E2,9383,487,492,2.541566745
22,Kidney.1,RMST,MCF7,E2,196475,3205,420,2.542809645
23,Bone.3,KLK11,MCF7,E2,11012,983,988,2.544853788
24,Bone.3,TTC28,MCF7,E2,23331,1240,1245,2.545271464
25,Brain.1,TEX15,ZR751,ED,56154,2182,2187,2.546535405
26,Bone.4,KCTD13,MCF7,E2,253980,1465,1470,2.548804458
27,Brain.1,PAM,ZR751,ED,5066,2083,2088,2.556777698
28,Bone.3,ESCO2,MCF7,E2,157570,909,914,2.556825246
29,Adrenal.3,GRIK3,MCF7,E2,2899,3262,263,2.558268732
30,Bone.4,ADSL,MCF7,E2,158,1302,1307,2.55949322
31,Bone.3,SUPV3L1,MCF7,E2,6832,1194,1271,2.561579299
32,Brain.1,NPHP3,ZR751,ED,27031,2075,2080,2.563267529
33,Bone.2,PTPN18,MCF7,E2,26469,687,3228,2.564504144
34,Bone.3,ZNF493,MCF7,E2,284443,1274,1279,2.568660729
35,Adrenal.1,SPDEF,MCF7,E2,25803,79,81,2.569562621
36,Bone.6,DHX16,ZR751,ED,8449,1837,1842,2.571017043
37,Brain.2,DBNL,ZR751,ED,28988,2283,2288,2.571306361
38,Bone.1,RGL3,MCF7,E2,57139,466,471,2.57204356
39,Bone.4,NAPEPLD,MCF7,E2,222236,1521,1526,2.577546944
40,Bone.3,THEM6,MCF7,E2,51337,1212,1217,2.578850646
41,Bone.4,SLC8A1,MCF7,E2,6546,1627,1632,2.581907272
42,Bone.3,CRY1,MCF7,E2,1407,867,872,2.582133953
43,Brain.1,SHMT2,ZR751,ED,6472,2151,2156,2.582690888
44,Bone.3,FAM114A1,MCF7,E2,92689,912,917,2.583259986
45,Bone.3,RHOBTB1,MCF7,E2,9886,1129,1134,2.586446837
46,Brain.3,NMD3,ZR751,ED,51068,2720,2725,2.586857698
47,Bone.3,CREB3L2,MCF7,E2,64764,865,870,2.590406993
48,Bone.3,SLC25A12,MCF7,E2,8604,1156,1233,2.592637308
49,Bone.3,DDIAS,MCF7,E2,220042,876,881,2.594690131
50,Bone.3,C9orf152,MCF7,E2,401546,824,829,2.594953647
51,Brain.3,SDHB,ZR751,ED,6390,2798,2803,2.595292851
52,Adrenal.3,PKHD1L1,MCF7,E2,93035,322,327,2.597802635
53,Adrenal.2,SAXO2,MCF7,E2,283726,94,195,2.600824439
54,Bone.2,CTPS2,MCF7,E2,56474,3204,563,2.600825584
55,Bone.6,RNA5S17,ZR751,ED,100169768,1891,1896,2.603492983
56,Adrenal.1,CALML5,MCF7,E2,51806,16,90,2.60559938
57,Brain.1,SLC29A1,ZR751,ED,2030,2155,2160,2.609501607
58,Brain.2,PTPN13,ZR751,ED,5783,2423,2428,2.613030354
59,Brain.3,BTN2A1,ZR751,ED,11120,2554,2559,2.613823563
60,Bone.2,ECHDC2,MCF7,E2,55268,3215,574,2.614279045
61,Kidney.1,SPEF2,MCF7,E2,79925,3226,441,2.615849043
62,Brain.1,SYVN1,ZR751,ED,84447,2173,2178,2.617513138
63,Bone.3,NR4A1,MCF7,E2,3164,1057,1062,2.617719094
64,Bone.3,CCDC137,MCF7,E2,339230,830,835,2.619039741
65,Adrenal.2,NEK10,MCF7,E2,152110,3213,3264,2.619044344
66,Adrenal.2,PTPRVP,MCF7,E2,148713,79,3277,2.619044344
67,Brain.3,SLC7A5,ZR751,ED,8140,2812,2817,2.620423204
68,Bone.1,KCNC2,MCF7,E2,3747,431,436,2.623210785
69,Brain.3,FASTKD2,ZR751,ED,22868,2620,2625,2.624026881
70,Bone.4,PYROXD2,MCF7,E2,84795,1575,1580,2.624097113
71,Kidney.1,ARL16,MCF7,E2,339231,3067,282,2.625846081
72,Brain.2,ZNHIT6,ZR751,ED,54680,2526,2531,2.628865829
73,Bone.2,FCHO2,MCF7,E2,115548,82,588,2.630840673
74,Adrenal.3,UGT2B15,MCF7,E2,7366,387,392,2.632374125
75,Kidney.1,NEK2,MCF7,E2,4751,3172,387,2.632795891
76,Bone.3,DOCK3,MCF7,E2,1795,886,891,2.633804522
77,Bone.6,RPS18,ZR751,ED,6222,1893,1898,2.636719881
78,Brain.3,SCARNA9,ZR751,ED,619383,2794,2799,2.637465732
79,Bone.2,ZRSR2,MCF7,E2,8233,779,784,2.638768041
80,Adrenal.3,KALRN,MCF7,E2,8997,3280,281,2.639585213
81,Brain.4,COL28A1,MCF7,E2,340267,2931,2936,2.64242979
82,Brain.4,CLIC6,MCF7,E2,54102,2930,2935,2.651671051
83,Bone.4,CCDC66,MCF7,E2,285331,1347,1352,2.652017135
84,Brain.2,SLC35A3,ZR751,ED,23443,2454,2459,2.652454095
85,Brain.4,SLC15A5,MCF7,E2,729025,3031,246,2.652839011
86,Adrenal.2,ARHGAP30,MCF7,E2,257106,104,3206,2.654643856
87,Brain.2,GHITM,ZR751,ED,27069,2322,2327,2.655884651
88,Brain.3,ABRAXAS1,ZR751,ED,84142,2533,2538,2.657242367
89,Bone.2,HK2,MCF7,E2,3099,3198,604,2.657689864
90,Bone.4,MED10,MCF7,E2,84246,1495,1500,2.659444574
91,Bone.4,COPS8,MCF7,E2,10920,1367,1372,2.663653346
92,Bone.3,PCDH1,MCF7,E2,5097,1070,1075,2.666034219
93,Bone.6,BAG6,ZR751,ED,7917,1821,1826,2.667643676
94,Brain.3,SNORD21,ZR751,ED,6083,2816,2821,2.670352839
95,Brain.1,MMP25,ZR751,ED,64386,2061,2066,2.671688662
96,Bone.2,NCBP3,MCF7,E2,55421,3251,93,2.67259913
97,Bone.3,TIGD7,MCF7,E2,91151,1213,1218,2.673615475
98,Kidney.1,ZBTB48,MCF7,E2,3104,3248,463,2.674481908
99,Bone.4,POP7,MCF7,E2,10248,1564,1569,2.67810439
100,Bone.2,BROX,MCF7,E2,148362,530,535,2.678796481
101,Brain.1,TYW1B,ZR751,ED,441250,2199,2204,2.681828988
102,Bone.3,SETD9,MCF7,E2,133383,1146,1223,2.68242879
103,Brain.4,COX6C,MCF7,E2,1345,2935,2940,2.684536419
104,Brain.2,ARFIP2,ZR751,ED,23647,2236,2241,2.685201186
105,Bone.6,PRPF31,ZR751,ED,26121,1887,1892,2.685948126
106,Brain.1,NME3,ZR751,ED,4832,2074,2079,2.6878654
107,Adrenal.2,DNAJC18,MCF7,E2,202052,125,3227,2.688334798
108,Brain.2,ATP13A3,ZR751,ED,79572,2238,2243,2.690518678
109,Bone.2,TBL2,MCF7,E2,26608,737,3278,2.690701036
110,Brain.1,GADD45GIP1,ZR751,ED,90480,2005,2010,2.690825964
111,Brain.1,SPOCD1,ZR751,ED,90853,2166,2171,2.695107508
112,Bone.6,KRT81,ZR751,ED,3887,1867,1872,2.695400445
113,Bone.2,SAMD15,MCF7,E2,161394,714,3255,2.69551387
114,Brain.2,ADAMTSL4-AS1,ZR751,ED,574406,2225,2230,2.698466812
115,Brain.4,ITGA5,MCF7,E2,3678,2968,2973,2.699080228
116,Bone.3,MSX2,MCF7,E2,4488,1029,1034,2.699904111
117,Bone.3,PDZD9,MCF7,E2,255762,1076,1081,2.701510025
118,Bone.4,CASC9,MCF7,E2,101805492,1341,1346,2.702210892
119,Bone.4,CCDC63,MCF7,E2,160762,1346,1351,2.702210892
120,Bone.4,IDNK,MCF7,E2,414328,1450,1455,2.702210892
121,Bone.3,PIP5KL1,MCF7,E2,138429,1087,1092,2.705143781
122,Adrenal.1,VEPH1,MCF7,E2,79674,92,94,2.706219616
123,Adrenal.1,SYBU,MCF7,E2,55638,84,86,2.707616554
124,Adrenal.2,CCDC40,MCF7,E2,55036,115,3217,2.710813381
125,Bone.4,LINC00645,MCF7,E2,100505967,1478,1483,2.711906083
126,Bone.3,CALML5,MCF7,E2,51806,826,831,2.71327813
127,Bone.4,ARL14EP,MCF7,E2,120534,1317,1322,2.713299436
128,Adrenal.1,UGT2B17,MCF7,E2,7367,91,93,2.71372792
129,Brain.3,CEP57L1,ZR751,ED,285753,2578,2583,2.71392579
130,Brain.3,LMBRD2,ZR751,ED,92255,2679,2684,2.714296632
131,Bone.3,DGCR6L,MCF7,E2,85359,878,883,2.716128246
132,Brain.1,GCHFR,ZR751,ED,2644,2006,2011,2.716470996
133,Adrenal.2,PDZRN3,MCF7,E2,23024,3217,3268,2.716549658
134,Bone.3,CLGN,MCF7,E2,1047,850,855,2.719052166
135,Bone.3,ERVFRD-1,MCF7,E2,405754,907,912,2.719052166
136,Bone.3,ZNF441,MCF7,E2,126068,1273,1278,2.719052166
137,Bone.4,AARS2,MCF7,E2,57505,1295,1300,2.722197582
138,Bone.4,ABT1,MCF7,E2,29777,1298,1303,2.722197582
139,Brain.3,APOD,ZR751,ED,347,2541,2546,2.722670897
140,Adrenal.2,ATP8B4,MCF7,E2,79895,108,3210,2.725064451
141,Bone.4,CTSL,MCF7,E2,1514,1372,1377,2.725995396
142,Brain.3,GNPDA2,ZR751,ED,132789,2635,2640,2.726684708
143,Bone.4,PHLPP2,MCF7,E2,23035,1551,1556,2.729118743
144,Brain.2,DISP1,ZR751,ED,84976,2287,2292,2.72961839
145,Brain.2,GAMT,ZR751,ED,2593,2317,2322,2.72961839
146,Bone.1,KLHL29,MCF7,E2,114818,434,439,2.729693128
147,Bone.2,CEACAM5,MCF7,E2,1048,3190,549,2.729705598
148,Adrenal.1,RDH10,MCF7,E2,157506,72,3221,2.729799626
149,Brain.2,TPX2,ZR751,ED,22974,2497,2502,2.729812912
150,Kidney.1,CFAP157,MCF7,E2,286207,3090,305,2.7315254
151,Brain.3,APIP,ZR751,ED,51074,2540,2545,2.731978182
152,Bone.3,KLC4,MCF7,E2,89953,982,987,2.732264564
153,Brain.2,KLF5,ZR751,ED,688,2349,2354,2.735145308
154,Bone.2,ABRAXAS1,MCF7,E2,84142,501,506,2.736362759
155,Brain.2,FAM111A,ZR751,ED,63901,2304,2309,2.736784061
156,Brain.2,BCKDK,ZR751,ED,10295,2243,2248,2.739189872
157,Kidney.1,DNAAF1,MCF7,E2,123872,3110,325,2.742050175
158,Brain.2,ZDHHC6,ZR751,ED,64429,2517,2522,2.743102704
159,Brain.2,MMGT1,ZR751,ED,93380,2368,2373,2.744032298
160,Bone.4,DHODH,MCF7,E2,1723,1382,1387,2.746283776
161,Brain.1,SDF2L1,ZR751,ED,23753,2145,2150,2.746526044
162,Bone.4,RSKR,MCF7,E2,124923,1608,1613,2.748089274
163,Bone.1,YIPF1,MCF7,E2,54432,492,497,2.749189046
164,Brain.1,ZNF215,ZR751,ED,7762,2212,2217,2.749591372
165,Brain.2,EXOC6,ZR751,ED,54536,2301,2306,2.749895307
166,Kidney.1,KCP,MCF7,E2,375616,3143,358,2.751578994
167,Adrenal.2,FAR2,MCF7,E2,55711,130,3232,2.753495787
168,Brain.1,EBLN2,ZR751,ED,55096,1981,1986,2.753779567
169,Bone.4,RNF216P1,MCF7,E2,441191,1597,1602,2.754668403
170,Brain.1,MSANTD2,ZR751,ED,79684,2067,2072,2.754922484
171,Adrenal.3,PDK4,MCF7,E2,5166,318,323,2.755690602
172,Adrenal.2,DNAH2,MCF7,E2,146754,123,3225,2.756014529
173,Bone.3,ADD3,MCF7,E2,120,791,796,2.758125885
174,Bone.3,FKBP14,MCF7,E2,55033,919,924,2.758125885
175,Bone.3,PNPLA4,MCF7,E2,8228,1096,1101,2.758125885
176,Bone.4,ZNRF3,MCF7,E2,84133,1704,1709,2.758438147
177,Brain.2,PHKA1,ZR751,ED,5255,2409,2414,2.759720993
178,Bone.4,BORA,MCF7,E2,79866,1330,1335,2.760430228
179,Brain.4,CASP14,MCF7,E2,23581,2920,2925,2.760583228
180,Adrenal.2,C9orf152,MCF7,E2,401546,112,3214,2.761675821
181,Bone.4,ZFAND2A,MCF7,E2,90637,1691,1696,2.76181941
182,Brain.4,SLC5A12,MCF7,E2,159963,3035,250,2.762846157
183,Bone.2,TMEM67,MCF7,E2,91147,744,749,2.76322286
184,Brain.1,MNX1,ZR751,ED,3110,2062,2067,2.765307437
185,Bone.3,SALL4,MCF7,E2,57167,1141,1218,2.766481447
186,Brain.3,GLB1L2,ZR751,ED,89944,2634,2639,2.767202096
187,Brain.3,HDAC4,ZR751,ED,9759,2649,2654,2.767202096
188,Brain.3,HUS1,ZR751,ED,3364,2658,2663,2.767202096
189,Brain.3,POT1,ZR751,ED,25913,2753,2758,2.767202096
190,Brain.3,PPP1R3D,ZR751,ED,5509,2757,2762,2.767202096
191,Brain.2,TMEM9,ZR751,ED,252839,2489,2494,2.768895607
192,Kidney.1,PPP1R26-AS1,MCF7,E2,100506599,3193,408,2.770218775
193,Kidney.1,DNAH5,MCF7,E2,1767,3113,328,2.771784652
194,Brain.3,SLC46A3,ZR751,ED,283537,2810,2815,2.771875238
195,Bone.3,LRRC20,MCF7,E2,55222,999,1004,2.772217066
196,Bone.3,NOC4L,MCF7,E2,79050,1052,1057,2.772217066
197,Bone.3,SMIM19,MCF7,E2,114926,1168,1245,2.772217066
198,Brain.2,CMIP,ZR751,ED,80790,2272,2277,2.772393163
199,Brain.1,ACTR1B,ZR751,ED,10120,1925,1930,2.774016077
200,Brain.4,KDM7A-DT,MCF7,E2,100134229,2970,2975,2.774579745
201,Kidney.1,AIFM2,MCF7,E2,84883,3064,279,2.775300382
202,Bone.2,HNRNPA1L2,MCF7,E2,144983,3202,3191,2.775588773
203,Brain.1,SLC1A2,ZR751,ED,6506,2152,2157,2.776008911
204,Brain.2,RAD17,ZR751,ED,5884,2428,2433,2.776264857
205,Kidney.1,ARL6,MCF7,E2,84100,3068,283,2.77774638
206,Kidney.1,IQCD,MCF7,E2,115811,3140,355,2.77774638
207,Brain.3,UFSP2,ZR751,ED,55325,2864,2869,2.779672619
208,Brain.2,NUDT19,ZR751,ED,390916,2397,2402,2.78068557
209,Bone.3,SLC2A8,MCF7,E2,29988,1162,1239,2.78191875
210,Bone.3,PDZD2,MCF7,E2,23037,1074,1079,2.782160325
211,Bone.3,TMEM8B,MCF7,E2,51754,1225,1230,2.782160325
212,Bone.6,CNOT3,ZR751,ED,4849,1833,1838,2.783310986
213,Brain.2,TRAPPC11,ZR751,ED,60684,2499,2504,2.784241656
214,Brain.1,C1D,ZR751,ED,10438,1943,1948,2.784972518
215,Bone.4,LIN7A,MCF7,E2,8825,1476,1481,2.786260162
216,Bone.3,PHF7,MCF7,E2,51533,1082,1087,2.786313724
217,Brain.2,ZNF532,ZR751,ED,55205,2521,2526,2.786427058
218,Brain.4,DUSP5,MCF7,E2,1847,2942,2947,2.787509667
219,Brain.3,SNORD13,ZR751,ED,692084,2815,2820,2.788259663
220,Adrenal.2,RORC,MCF7,E2,6097,92,193,2.788584821
221,Adrenal.1,GAB2,MCF7,E2,9846,37,3192,2.789351827
222,Adrenal.2,PTPN7,MCF7,E2,5778,76,3274,2.789962793
223,Kidney.1,CKLF,MCF7,E2,51192,3097,312,2.790235749
224,Bone.3,TAF6L,MCF7,E2,10629,1200,1205,2.791625437
225,Bone.4,DNAJC4,MCF7,E2,3338,1392,1397,2.791745585
226,Bone.4,ACSS1,MCF7,E2,84532,1299,1304,2.791781497
227,Bone.4,SCML1,MCF7,E2,6322,1613,1618,2.791836558
228,Bone.3,ZBED8,MCF7,E2,63920,1262,1267,2.793271831
229,Brain.4,NDRG1,MCF7,E2,10397,2996,211,2.793596777
230,Adrenal.1,CEP126,MCF7,E2,57562,20,94,2.794029174
231,Bone.3,TBC1D3E,MCF7,E2,102723859,1204,1209,2.7947619
232,Bone.3,TBC1D3K,MCF7,E2,102723859,1205,1210,2.7947619
233,Bone.6,VARS1,ZR751,ED,7407,1916,1921,2.795833452
234,Brain.1,PTENP1,ZR751,ED,11191,2108,2113,2.798932019
235,Brain.4,FMO5,MCF7,E2,2330,2946,2951,2.799797933
236,Brain.2,GTF2F1,ZR751,ED,2962,2329,2334,2.800652057
237,Bone.2,LEPROT,MCF7,E2,54741,3224,3213,2.802542677
238,Brain.3,PODXL,ZR751,ED,5420,2749,2754,2.806914718
239,Adrenal.3,RORC,MCF7,E2,6097,344,349,2.809706767
240,Kidney.1,SLC25A35,MCF7,E2,399512,3215,430,2.810329923
241,Adrenal.1,SGK3,MCF7,E2,23678,77,79,2.811204525
242,Bone.1,VWA2,MCF7,E2,340706,490,495,2.81179794
243,Brain.1,RORC,ZR751,ED,6097,2135,2140,2.812938409
244,Brain.4,MIR675,MCF7,E2,100033819,2989,204,2.8139633
245,Bone.2,CASP6,MCF7,E2,839,540,545,2.814147495
246,Brain.3,SHKBP1,ZR751,ED,92799,2804,2809,2.814757429
247,Brain.3,TELO2,ZR751,ED,9894,2833,2838,2.815597964
248,Bone.3,SLC26A2,MCF7,E2,1836,1159,1236,2.817043389
249,Brain.1,MB,ZR751,ED,4151,2048,2053,2.818247322
250,Bone.4,CEP57,MCF7,E2,9702,1356,1361,2.820938759
251,Bone.6,ID3,ZR751,ED,3399,1862,1867,2.821903687
252,Brain.3,GID4,ZR751,ED,79018,2632,2637,2.822483847
253,Brain.2,RHOT1,ZR751,ED,55288,2431,2436,2.824192696
254,Bone.3,EEF1AKMT1,MCF7,E2,221143,892,897,2.824359916
255,Bone.3,TSPO,MCF7,E2,706,1239,1244,2.824359916
256,Brain.1,SYNE4,ZR751,ED,163183,2171,2176,2.826647405
257,Brain.4,CSTA,MCF7,E2,1475,2937,2942,2.827097731
258,Bone.2,PPFIBP1,MCF7,E2,8496,3277,3219,2.827910557
259,Brain.3,ZNF423,ZR751,ED,23090,2884,2889,2.828349501
260,Bone.6,FLOT1,ZR751,ED,10211,1851,1856,2.830773766
261,Brain.2,CYTH3,ZR751,ED,9265,2281,2286,2.834179789
262,Brain.4,IL6R,MCF7,E2,3570,2966,2971,2.835821925
263,Bone.2,ZFP36,MCF7,E2,7538,773,778,2.837418575
264,Bone.4,TMUB1,MCF7,E2,83590,1662,1667,2.838686716
265,Brain.1,IL1RAP,ZR751,ED,3556,2019,2024,2.839498148
266,Brain.1,PPM1M,ZR751,ED,132160,2100,2105,2.845543405
267,Brain.1,TENM2,ZR751,ED,57451,2180,2185,2.845543405
268,Bone.2,FEM1C,MCF7,E2,56929,83,589,2.846005074
269,Brain.4,S1PR3,MCF7,E2,1903,3022,237,2.846953958
270,Brain.2,MNAT1,ZR751,ED,4331,2369,2374,2.850403531
271,Brain.4,POTEE,MCF7,E2,445582,3010,225,2.851304711
272,Bone.2,RAD51B,MCF7,E2,5890,690,3231,2.852588139
273,Bone.4,SELENOS,MCF7,E2,55829,1614,1619,2.853202882
274,Brain.3,CDT1,ZR751,ED,81620,2574,2579,2.853238323
275,Brain.1,MRNIP,ZR751,ED,51149,2064,2069,2.855421135
276,Adrenal.1,GSTA1,MCF7,E2,2938,40,3195,2.856069373
277,Brain.4,KMO,MCF7,E2,8564,2973,2978,2.856556387
278,Brain.4,SLC38A4,MCF7,E2,55089,3034,249,2.857631297
279,Kidney.1,LCA5L,MCF7,E2,150082,3147,362,2.857871417
280,Adrenal.1,C8orf44-SGK3,MCF7,E2,100533105,13,87,2.858519581
281,Bone.4,PER1,MCF7,E2,5187,1548,1553,2.859875617
282,Brain.1,FKBP9P1,ZR751,ED,360132,1999,2004,2.860173261
283,Bone.3,FOXC1,MCF7,E2,2296,920,925,2.86229061
284,Kidney.1,PHF7,MCF7,E2,51533,3184,399,2.863017316
285,Kidney.1,SDHAF1,MCF7,E2,644096,3210,425,2.863017316
286,Bone.3,SLC12A2,MCF7,E2,6558,1153,1230,2.864733664
287,Kidney.1,SMIM27,MCF7,E2,100129250,3219,434,2.865054728
288,Bone.4,RRP8,MCF7,E2,23378,1607,1612,2.86561431
289,Bone.3,IPO13,MCF7,E2,9670,972,977,2.868347592
290,Kidney.1,ADSS1,MCF7,E2,122622,3061,276,2.869550428
291,Brain.1,TAB1,ZR751,ED,10454,2174,2179,2.871758672
292,Bone.4,GPR155,MCF7,E2,151556,1428,1433,2.873018897
293,Bone.4,PLAAT3,MCF7,E2,11145,1556,1561,2.873018897
294,Kidney.1,GRM2,MCF7,E2,2912,3135,350,2.873350645
295,Brain.3,RNF217,ZR751,ED,154214,2782,2787,2.873464624
296,Adrenal.2,MAP6,MCF7,E2,4135,3208,3259,2.873573839
297,Bone.2,EXOSC3,MCF7,E2,51010,78,584,2.874093899
298,Bone.2,MTMR3,MCF7,E2,8897,3244,86,2.874642206
299,Bone.3,SRRM5,MCF7,E2,100170229,1177,1254,2.87477462
300,Kidney.1,CFAP91,MCF7,E2,89876,3095,310,2.875299041
301,Brain.1,APTR,ZR751,ED,100505854,1932,1937,2.876131538
302,Kidney.1,PTPN7,MCF7,E2,5778,3197,412,2.876328759
303,Bone.1,CEMP1,MCF7,E2,752014,410,415,2.876559403
304,Bone.1,PLEKHN1,MCF7,E2,84069,456,461,2.876559403
305,Kidney.1,MCIDAS,MCF7,E2,345643,3159,374,2.877200814
306,Bone.2,LIN54,MCF7,E2,132660,3226,3215,2.878707447
307,Bone.3,CINP,MCF7,E2,51550,845,850,2.878835206
308,Bone.3,NXN,MCF7,E2,64359,1062,1067,2.880122907
309,Adrenal.2,SNTN,MCF7,E2,132203,3198,199,2.883340779
310,Brain.4,GAB2,MCF7,E2,9846,2949,2954,2.883433867
311,Brain.1,LYRM4,ZR751,ED,57128,2044,2049,2.884892431
312,Bone.2,ASAH1,MCF7,E2,427,523,528,2.885365928
313,Bone.3,NAP1L2,MCF7,E2,4674,1041,1046,2.891030768
314,Brain.2,PARP9,ZR751,ED,83666,2402,2407,2.892601808
315,Brain.4,PHLDB2,MCF7,E2,90102,3005,220,2.8931692
316,Brain.3,GATD1,ZR751,ED,347862,2630,2635,2.894380889
317,Bone.3,ZNF724,MCF7,E2,440519,1282,1287,2.894598023
318,Bone.3,ANKRD31,MCF7,E2,256006,798,803,2.897115558
319,Adrenal.3,GPR139,MCF7,E2,124274,3261,262,2.897685688
320,Adrenal.3,TMC5,MCF7,E2,79838,385,390,2.897685688
321,Brain.2,MPZL2,ZR751,ED,10205,2371,2376,2.89940746
322,Brain.2,PIEZO1,ZR751,ED,9780,2412,2417,2.901681556
323,Adrenal.1,CHST4,MCF7,E2,10164,22,95,2.902455539
324,Adrenal.1,VXN,MCF7,E2,254778,94,96,2.902455539
325,Brain.3,LOC441242,ZR751,ED,441242,2893,2898,2.903752498
326,Bone.3,ASAP3,MCF7,E2,55616,806,811,2.906801663
327,Bone.4,PRKAG2,MCF7,E2,51422,1568,1573,2.907207181
328,Bone.2,YPEL2,MCF7,E2,388403,767,772,2.909629693
329,Bone.4,CCDC84,MCF7,E2,338657,1348,1353,2.909840782
330,Bone.3,GRAMD2B,MCF7,E2,65983,943,948,2.910116995
331,Adrenal.3,SRPX2,MCF7,E2,27286,374,379,2.91112164
332,Adrenal.2,PCDH15,MCF7,E2,65217,3216,3267,2.911138022
333,Brain.3,SSC4D,ZR751,ED,136853,2823,2828,2.914231301
334,Adrenal.2,CCDC173,MCF7,E2,129881,114,3216,2.914303392
335,Bone.4,B4GALT4,MCF7,E2,8702,1325,1330,2.916224703
336,Bone.2,PLPBP,MCF7,E2,11212,3276,3218,2.919720268
337,Bone.5,RN7SL1,MCF7,ED,6029,1764,1769,2.920885688
338,Bone.2,ATP5MPL,MCF7,E2,9556,526,531,2.920909726
339,Brain.4,CD163L1,MCF7,E2,283316,2922,2927,2.923070479
340,Brain.3,FREM2,ZR751,ED,341640,2624,2629,2.923717658
341,Brain.1,C1orf167,ZR751,ED,284498,1944,1949,2.924213393
342,Bone.4,PTPN21,MCF7,E2,11099,1573,1578,2.924377624
343,Adrenal.2,SRPX2,MCF7,E2,27286,3200,201,2.92480801
344,Adrenal.3,SUSD2,MCF7,E2,56241,376,381,2.927401769
345,Adrenal.1,EPS8L3,MCF7,E2,79574,33,3188,2.929879097
346,Bone.3,LRFN1,MCF7,E2,57622,997,1002,2.930933342
347,Bone.3,PLIN5,MCF7,E2,440503,1093,1098,2.930933342
348,Bone.3,SSC4D,MCF7,E2,136853,1178,1255,2.930933342
349,Bone.4,ANO1,MCF7,E2,55107,1310,1315,2.933913827
350,Bone.4,IDH3B,MCF7,E2,3420,1449,1454,2.933913827
351,Adrenal.1,SERPINA3,MCF7,E2,12,75,77,2.934826501
352,Bone.3,CKMT2-AS1,MCF7,E2,100131067,848,853,2.935544489
353,Brain.2,HARS1,ZR751,ED,3035,2330,2335,2.936776827
354,Adrenal.1,ARHGEF38,MCF7,E2,54848,10,84,2.939228514
355,Adrenal.3,KCND3,MCF7,E2,3752,3282,283,2.939244469
356,Bone.4,LYPD6B,MCF7,E2,130576,1486,1491,2.9395217
357,Bone.2,PKIA,MCF7,E2,5569,3273,3215,2.939915129
358,Bone.3,FRY,MCF7,E2,10129,925,930,2.942203931
359,Bone.2,ERCC6L,MCF7,E2,54821,76,582,2.943086229
360,Brain.1,TWNK,ZR751,ED,56652,2197,2202,2.943542823
361,Brain.4,BANK1,MCF7,E2,55024,2911,2916,2.947914763
362,Bone.6,EHMT2,ZR751,ED,10919,1842,1847,2.949573482
363,Brain.4,CGNL1,MCF7,E2,84952,2927,2932,2.949669734
364,Brain.3,PARP16,ZR751,ED,54956,2733,2738,2.952636321
365,Brain.3,WFS1,ZR751,ED,7466,2872,2877,2.952636321
366,Adrenal.3,DNAH11,MCF7,E2,8701,3241,242,2.953813109
367,Brain.3,ABCB1,ZR751,ED,5243,2530,2535,2.955631831
368,Bone.4,TBC1D7,MCF7,E2,51256,1651,1656,2.955861614
369,Bone.4,LOC339803,MCF7,E2,339803,1706,1711,2.955861614
370,Bone.3,FAM83A,MCF7,E2,84985,916,921,2.956438923
371,Bone.6,ABCF1,ZR751,ED,23,1809,1814,2.959488661
372,Brain.3,RABGGTA,ZR751,ED,5875,2769,2774,2.959724676
373,Brain.4,ANGPTL4,MCF7,E2,51129,2906,2911,2.959893006
374,Kidney.1,PLCD4,MCF7,E2,84812,3187,402,2.967595711
375,Brain.1,CAMK2B,ZR751,ED,816,1949,1954,2.970824778
376,Kidney.1,CDC20B,MCF7,E2,166979,3087,302,2.973451145
377,Kidney.1,MTFP1,MCF7,E2,51537,3168,383,2.973461492
378,Brain.1,HOXC5,ZR751,ED,3222,2015,2020,2.973505353
379,Brain.3,FAM174A,ZR751,ED,345757,2616,2621,2.975008844
380,Brain.3,GPR183,ZR751,ED,1880,2637,2642,2.975008844
381,Brain.3,H3C6,ZR751,ED,8353,2646,2651,2.975008844
382,Brain.1,PAPSS2,ZR751,ED,9060,2084,2089,2.975528221
383,Adrenal.3,ITPRID1,MCF7,E2,223075,3279,280,2.978613514
384,Bone.4,PIGF,MCF7,E2,5281,1552,1557,2.980331479
385,Bone.3,CLYBL,MCF7,E2,171425,853,858,2.981729087
386,Adrenal.3,FSTL4,MCF7,E2,23105,3255,256,2.981734918
387,Brain.3,DZIP1L,ZR751,ED,199221,2606,2611,2.982143854
388,Brain.4,PAK6,MCF7,E2,56924,3000,215,2.982802557
389,Brain.2,DGKE,ZR751,ED,8526,2286,2291,2.984063742
390,Brain.3,IFNGR1,ZR751,ED,3459,2660,2665,2.984152133
391,Bone.1,ARHGAP30,MCF7,E2,257106,402,407,2.986223387
392,Bone.3,EDARADD,MCF7,E2,128178,890,895,2.987450917
393,Bone.3,TMCO4,MCF7,E2,255104,1216,1221,2.987450917
394,Adrenal.1,LOC100130449,MCF7,E2,100130449,97,3199,2.987558506
395,Kidney.1,GALNT16,MCF7,E2,57452,3130,345,2.988223795
396,Kidney.1,TRIM17,MCF7,E2,51127,3241,456,2.988223795
397,Bone.4,ADD3,MCF7,E2,120,1301,1306,2.991002348
398,Brain.1,RPL22L1,ZR751,ED,200916,2136,2141,2.994327002
399,Brain.4,LINC00665,MCF7,E2,100506930,2978,2983,2.995032745
400,Brain.1,KLHL41,ZR751,ED,10324,2029,2034,2.996356951
401,Brain.3,FOXO3B,ZR751,ED,2310,2623,2628,2.996768964
402,Bone.4,RNF212B,MCF7,E2,100507650,1596,1601,2.99682515
403,Bone.3,NEB,MCF7,E2,4703,1047,1052,2.996842621
404,Bone.3,MAB21L1,MCF7,E2,4081,1002,1007,2.997597391
405,Bone.3,PTPN7,MCF7,E2,5778,1113,1118,2.997597391
406,Brain.3,SCX,ZR751,ED,642658,2796,2801,2.998776557
407,Brain.4,ASCL1,MCF7,E2,429,2908,2913,3.001443782
408,Brain.2,PRPF19,ZR751,ED,27339,2420,2425,3.002610033
409,Brain.4,LRATD1,MCF7,E2,151354,2980,2985,3.002715523
410,Brain.2,NFKBIB,ZR751,ED,4793,2387,2392,3.006078987
411,Bone.2,AVEN,MCF7,E2,57099,528,533,3.010243095
412,Bone.2,EEF1AKMT3,MCF7,E2,25895,3217,576,3.010243095
413,Adrenal.3,OTOGL,MCF7,E2,283310,312,317,3.011690744
414,Brain.3,GPLD1,ZR751,ED,2822,2636,2641,3.012212033
415,Brain.3,METRN,ZR751,ED,79006,2687,2692,3.012212033
416,Brain.3,HAS3,ZR751,ED,3038,2648,2653,3.013535417
417,Bone.4,MLF1,MCF7,E2,4291,1507,1512,3.013912317
418,Bone.2,INIP,MCF7,E2,58493,3214,3203,3.014441007
419,Brain.1,ATP8B3,ZR751,ED,148229,1937,1942,3.014786657
420,Brain.4,RNF152,MCF7,E2,220441,3017,232,3.01484236
421,Brain.1,IQGAP2,ZR751,ED,10788,2021,2026,3.015881558
422,Brain.2,FAM177A1,ZR751,ED,283635,2306,2311,3.015962981
423,Brain.3,PRNCR1,ZR751,ED,101867536,2759,2764,3.016123844
424,Bone.3,ABHD4,MCF7,E2,63874,786,791,3.016758598
425,Brain.4,SCNN1G,MCF7,E2,6340,3025,240,3.018026953
426,Brain.4,ZNF442,MCF7,E2,79973,3053,268,3.018026953
427,Bone.4,TIMM29,MCF7,E2,90580,1659,1664,3.019323699
428,Bone.4,AMOT,MCF7,E2,154796,1306,1311,3.02085072
429,Kidney.1,ALS2CL,MCF7,E2,259173,3065,280,3.023226456
430,Kidney.1,BLOC1S4,MCF7,E2,55330,3075,290,3.023226456
431,Kidney.1,DAPK2,MCF7,E2,23604,3104,319,3.023226456
432,Kidney.1,SPARCL1,MCF7,E2,8404,3224,439,3.023226456
433,Brain.1,TUBE1,ZR751,ED,51175,2196,2201,3.023611188
434,Bone.3,RORC,MCF7,E2,6097,1136,1213,3.023778294
435,Bone.4,RETREG1,MCF7,E2,54463,1583,1588,3.023823012
436,Brain.2,FN1,ZR751,ED,2335,2312,2317,3.024746672
437,Brain.2,TUBA1A,ZR751,ED,7846,2502,2507,3.028495442
438,Adrenal.3,DNAH12,MCF7,E2,201625,3242,243,3.030449838
439,Adrenal.3,HRH2,MCF7,E2,3274,3264,265,3.030449838
440,Adrenal.3,LRRC6,MCF7,E2,23639,295,300,3.030449838
441,Adrenal.3,SV2B,MCF7,E2,9899,378,383,3.030449838
442,Adrenal.2,PKHD1L1,MCF7,E2,93035,3221,3272,3.031395492
443,Bone.4,AVPI1,MCF7,E2,60370,1323,1328,3.032013803
444,Bone.4,NELL2,MCF7,E2,4753,1524,1529,3.032013803
445,Bone.4,ANKRD39,MCF7,E2,51239,1309,1314,3.0325521
446,Bone.4,LIN52,MCF7,E2,91750,1475,1480,3.0325521
447,Brain.3,TSHR,ZR751,ED,7253,2853,2858,3.032676312
448,Brain.3,CLDN1,ZR751,ED,9076,2581,2586,3.03273947
449,Brain.1,PDLIM1,ZR751,ED,9124,2089,2094,3.032760368
450,Brain.2,PARPBP,ZR751,ED,55010,2403,2408,3.034372659
451,Bone.2,PAXBP1-AS1,MCF7,E2,100506215,3262,3204,3.035122225
452,Brain.2,IFI30,ZR751,ED,10437,2338,2343,3.035644405
453,Adrenal.2,SERPINA3,MCF7,E2,12,95,196,3.036997425
454,Bone.2,AKAP17A,MCF7,E2,8227,511,516,3.039332427
455,Bone.4,SNRPG,MCF7,E2,6637,1633,1638,3.039623599
456,Bone.3,ZBTB11-AS1,MCF7,E2,100009676,1263,1268,3.040345028
457,Adrenal.1,LOC154761,MCF7,E2,154761,96,3198,3.042952442
458,Bone.4,IFT20,MCF7,E2,90410,1452,1457,3.043400076
459,Adrenal.1,ASPHD1,MCF7,E2,253982,11,85,3.044059098
460,Bone.3,COLQ,MCF7,E2,8292,861,866,3.044489416
461,Brain.4,H19,MCF7,E2,283120,2956,2961,3.044551782
462,Adrenal.3,RPGRIP1,MCF7,E2,57096,345,350,3.047935779
463,Kidney.1,VAX2,MCF7,E2,25806,3245,460,3.049786578
464,Brain.2,MAST3,ZR751,ED,23031,2360,2365,3.05038221
465,Bone.4,FAM234B,MCF7,E2,57613,1410,1415,3.050950413
466,Bone.4,ST3GAL1,MCF7,E2,6482,1642,1647,3.050950413
467,Brain.3,TTC9C,ZR751,ED,283237,2856,2861,3.05147213
468,Adrenal.2,PEAK3,MCF7,E2,374872,3218,3269,3.054182379
469,Brain.3,TMEM8B,ZR751,ED,51754,2845,2850,3.054556853
470,Adrenal.3,BRINP2,MCF7,E2,57795,3224,225,3.057768297
471,Adrenal.1,PARM1,MCF7,E2,25849,63,3212,3.057974927
472,Bone.2,ABCB10,MCF7,E2,23456,500,505,3.058180944
473,Bone.2,OXLD1,MCF7,E2,339229,3259,3201,3.060437933
474,Adrenal.1,CREB3L1,MCF7,E2,90993,26,95,3.061303069
475,Brain.1,ZNF771,ZR751,ED,51333,2217,2222,3.062869905
476,Brain.3,ZNF497,ZR751,ED,162968,2887,2892,3.06381632
477,Bone.4,C9orf72,MCF7,E2,203228,1333,1338,3.065325693
478,Bone.4,ZNF256,MCF7,E2,10172,1696,1701,3.065325693
479,Adrenal.1,UGT2B15,MCF7,E2,7366,90,92,3.066842664
480,Adrenal.1,SYTL4,MCF7,E2,94121,85,87,3.06743385
481,Brain.1,MIR3615,ZR751,ED,100500847,2057,2062,3.068824196
482,Bone.3,TLCD1,MCF7,E2,116238,1215,1220,3.069088037
483,Bone.2,APH1B,MCF7,E2,83464,517,522,3.070920225
484,Bone.2,KYAT3,MCF7,E2,56267,3223,3212,3.070920225
485,Brain.2,STARD7,ZR751,ED,56910,2478,2483,3.071835343
486,Adrenal.1,PLAT,MCF7,E2,5327,67,3216,3.071963548
487,Bone.1,ZNF391,MCF7,E2,346157,494,499,3.072612759
488,Brain.2,SSR1,ZR751,ED,6745,2477,2482,3.072641783
489,Kidney.1,AGTRAP,MCF7,E2,57085,3063,278,3.072793145
490,Adrenal.2,LRRIQ1,MCF7,E2,84125,3205,3256,3.072845155
491,Brain.1,ZNF716,ZR751,ED,441234,2216,2221,3.072888809
492,Adrenal.3,ADD3,MCF7,E2,120,3214,215,3.073290756
493,Adrenal.2,GH1,MCF7,E2,2688,133,3235,3.073790179
494,Bone.4,DFFA,MCF7,E2,1676,1380,1385,3.074087094
495,Bone.4,GRIP1,MCF7,E2,23426,1430,1435,3.074087094
496,Adrenal.1,ANKRD35,MCF7,E2,148741,6,80,3.074550516
497,Adrenal.1,BATF,MCF7,E2,10538,12,86,3.075344889
498,Kidney.1,LRRC23,MCF7,E2,10233,3154,369,3.075418912
499,Adrenal.2,ARMC3,MCF7,E2,219681,106,3208,3.075653639
500,Bone.4,WHAMM,MCF7,E2,123720,1685,1690,3.077611542
501,Bone.3,GPR173,MCF7,E2,54328,941,946,3.07851416
502,Brain.3,IL20RA,ZR751,ED,53832,2662,2667,3.07904233
503,Brain.3,MAMDC4,ZR751,ED,158056,2683,2688,3.07904233
504,Brain.1,COMMD8,ZR751,ED,54951,1965,1970,3.081061907
505,Kidney.1,RGL3,MCF7,E2,57139,3203,418,3.082786081
506,Adrenal.3,RIPOR3,MCF7,E2,140876,331,336,3.084157932
507,Brain.2,TRMT10C,ZR751,ED,54931,2500,2505,3.084931799
508,Bone.4,EFCAB2,MCF7,E2,84288,1399,1404,3.085706355
509,Bone.4,GRB14,MCF7,E2,2888,1429,1434,3.085706355
510,Bone.4,R3HCC1,MCF7,E2,203069,1577,1582,3.085706355
511,Brain.1,GJB1,ZR751,ED,2705,2008,2013,3.08609084
512,Adrenal.2,B3GALT5,MCF7,E2,10317,110,3212,3.086641525
513,Brain.1,ZNF501,ZR751,ED,115560,2213,2218,3.087100425
514,Bone.4,OLFM1,MCF7,E2,10439,1535,1540,3.089989003
515,Bone.2,CENPP,MCF7,E2,401541,3192,551,3.091208081
516,Adrenal.3,PCDH15,MCF7,E2,65217,317,322,3.09498593
517,Bone.1,INSL6,MCF7,E2,11172,429,434,3.096353113
518,Bone.1,NCMAP,MCF7,E2,400746,449,454,3.096353113
519,Bone.1,RBM11,MCF7,E2,54033,461,466,3.096353113
520,Brain.2,DCAF12,ZR751,ED,25853,2284,2289,3.096422368
521,Bone.3,PP7080,MCF7,E2,25845,1286,1291,3.096830836
522,Bone.1,CXCR6,MCF7,E2,10663,414,419,3.103350815
523,Kidney.1,LINC01239,MCF7,E2,441389,3152,367,3.10342646
524,Kidney.1,NLRC3,MCF7,E2,197358,3173,388,3.10342646
525,Brain.2,SH3BGRL3,ZR751,ED,83442,2453,2458,3.105479952
526,Adrenal.3,CCNP,MCF7,E2,79935,3230,231,3.105923351
527,Brain.1,EPOR,ZR751,ED,2057,1987,1992,3.10702325
528,Bone.3,MTURN,MCF7,E2,222166,1031,1036,3.108595216
529,Bone.6,EME2,ZR751,ED,197342,1844,1849,3.109794057
530,Brain.1,GABRR2,ZR751,ED,2570,2004,2009,3.109924471
531,Brain.2,ZFYVE19,ZR751,ED,84936,2518,2523,3.110495149
532,Brain.1,CFAP53,ZR751,ED,220136,1957,1962,3.112687619
533,Brain.4,TFPI2,MCF7,E2,7980,3041,256,3.115333391
534,Brain.4,ADAMTS20,MCF7,E2,80070,2903,2908,3.118758738
535,Adrenal.1,CHN2,MCF7,E2,1124,21,95,3.120131135
536,Kidney.1,CCNO,MCF7,E2,10309,3086,301,3.122452916
537,Bone.6,RPS9,ZR751,ED,6203,1894,1899,3.125518756
538,Brain.4,GLRA3,MCF7,E2,8001,2952,2957,3.126192226
539,Brain.1,RHBDL3,ZR751,ED,162494,2118,2123,3.126338614
540,Adrenal.1,MUC1,MCF7,E2,4582,57,3206,3.128007466
541,Brain.2,SLC4A1AP,ZR751,ED,22950,2456,2461,3.128235999
542,Brain.3,STX4,ZR751,ED,6810,2828,2833,3.128481324
543,Brain.4,POTEF,MCF7,E2,728378,3011,226,3.130722937
544,Brain.1,CNNM2,ZR751,ED,54805,1962,1967,3.13094484
545,Brain.1,LDB3,ZR751,ED,11155,2036,2041,3.13094484
546,Adrenal.3,NDUFAF1,MCF7,E2,51103,304,309,3.131403125
547,Brain.2,CCDC43,ZR751,ED,124808,2255,2260,3.131543866
548,Brain.3,UBIAD1,ZR751,ED,29914,2863,2868,3.132981779
549,Brain.1,EGF,ZR751,ED,1950,1983,1988,3.136018123
550,Kidney.1,CFAP54,MCF7,E2,144535,3092,307,3.13674178
551,Bone.3,FAM155A,MCF7,E2,728215,913,918,3.139183642
552,Bone.3,MAML2,MCF7,E2,84441,1004,1009,3.139183642
553,Brain.4,IGFBP3,MCF7,E2,3486,2965,2970,3.14028412
554,Bone.4,DLG4,MCF7,E2,1742,1386,1391,3.140525772
555,Adrenal.3,RYR3,MCF7,E2,6263,346,351,3.140843184
556,Bone.4,ACVR2A,MCF7,E2,92,1300,1305,3.142202444
557,Adrenal.3,MYLK4,MCF7,E2,340156,302,307,3.142816137
558,Bone.4,QPRT,MCF7,E2,23475,1576,1581,3.145341452
559,Adrenal.3,ELOVL2-AS1,MCF7,E2,100506409,3251,252,3.145492674
560,Brain.1,THAP8,ZR751,ED,199745,2183,2188,3.146213643
561,Kidney.1,CCDC30,MCF7,E2,728621,3084,299,3.146244597
562,Kidney.1,GRIA2,MCF7,E2,2891,3134,349,3.146244597
563,Kidney.1,LCN2,MCF7,E2,3934,3148,363,3.146244597
564,Kidney.1,LRFN3,MCF7,E2,79414,3153,368,3.146244597
565,Bone.3,FADS2,MCF7,E2,9415,911,916,3.14852404
566,Brain.3,CASP9,ZR751,ED,842,2561,2566,3.149452862
567,Brain.2,ANKS6,ZR751,ED,203286,2232,2237,3.149881475
568,Brain.2,PRCP,ZR751,ED,5547,2418,2423,3.149881475
569,Brain.4,KRT16,MCF7,E2,3868,2974,2979,3.152831004
570,Bone.4,ZNF202,MCF7,E2,7753,1694,1699,3.153627104
571,Brain.3,ZNF182,ZR751,ED,7569,2881,2886,3.153917495
572,Bone.4,SCAND1,MCF7,E2,51282,1610,1615,3.155291417
573,Bone.3,AZGP1,MCF7,E2,563,813,818,3.155671443
574,Brain.2,ATPSCKMT,ZR751,ED,134145,2240,2245,3.155733894
575,Bone.3,NPIPB15,MCF7,E2,440348,1054,1059,3.157092372
576,Bone.1,ME3,MCF7,E2,10873,441,446,3.157696546
577,Bone.3,DLX4,MCF7,E2,1748,880,885,3.157887655
578,Bone.3,IQUB,MCF7,E2,154865,973,978,3.157887655
579,Bone.3,NR2F1,MCF7,E2,7025,1056,1061,3.157887655
580,Bone.3,LOC400541,MCF7,E2,400541,1287,1292,3.157887655
581,Bone.2,NAIP,MCF7,E2,4671,3248,90,3.158319862
582,Kidney.1,SPIN2B,MCF7,E2,474343,3227,442,3.158627166
583,Brain.3,GASK1B,ZR751,ED,51313,2628,2633,3.161985166
584,Brain.1,AADAT,ZR751,ED,51166,1922,1927,3.162101747
585,Adrenal.2,UGT2B11,MCF7,E2,10720,3205,206,3.163116849
586,Bone.4,WDFY2,MCF7,E2,115825,1683,1688,3.164768216
587,Adrenal.3,ANXA6,MCF7,E2,309,3220,221,3.165332798
588,Adrenal.2,IL5RA,MCF7,E2,3568,3191,3242,3.165561659
589,Adrenal.2,KCNH1,MCF7,E2,3756,3195,3246,3.165561659
590,Adrenal.2,PKD1L2,MCF7,E2,114780,3220,3271,3.165561659
591,Adrenal.2,PTPRB,MCF7,E2,5787,77,3275,3.165561659
592,Bone.2,MIR612,MCF7,E2,693197,3236,78,3.166391615
593,Adrenal.3,FAXC,MCF7,E2,84553,3254,255,3.166923647
594,Brain.3,POLN,ZR751,ED,353497,2752,2757,3.167138311
595,Adrenal.3,GCNT2,MCF7,E2,2651,3257,258,3.167439987
596,Adrenal.3,LAMA2,MCF7,E2,3908,286,291,3.168285634
597,Brain.2,KLHL11,ZR751,ED,55175,2350,2355,3.169235754
598,Brain.4,CABP4,MCF7,E2,57010,2919,2924,3.169241305
599,Brain.4,CD36,MCF7,E2,948,2923,2928,3.169475609
600,Bone.2,APOL2,MCF7,E2,23780,518,523,3.170159822
601,Bone.2,GTF2H3,MCF7,E2,2967,93,599,3.170159822
602,Bone.1,MUC12,MCF7,E2,10071,448,453,3.170257284
603,Brain.3,MOGS,ZR751,ED,7841,2696,2701,3.173694141
604,Brain.3,NSMCE2,ZR751,ED,286053,2726,2731,3.173694141
605,Brain.1,DSTNP2,ZR751,ED,171220,1978,1983,3.173968828
606,Brain.1,FHL2,ZR751,ED,2274,1998,2003,3.173968828
607,Brain.1,PELI2,ZR751,ED,57161,2091,2096,3.173968828
608,Brain.1,SNHG15,ZR751,ED,285958,2158,2163,3.173968828
609,Kidney.1,PLEKHG6,MCF7,E2,55200,3188,403,3.174754018
610,Brain.3,RND1,ZR751,ED,27289,2781,2786,3.176784063
611,Bone.2,PDK4,MCF7,E2,5166,3267,3209,3.177591685
612,Bone.3,ACP3,MCF7,E2,55,789,794,3.17898229
613,Bone.3,S100P,MCF7,E2,6286,1140,1217,3.179209798
614,Bone.4,MPPE1,MCF7,E2,65258,1511,1516,3.180850585
615,Brain.2,UBTD2,ZR751,ED,92181,2505,2510,3.181841865
616,Brain.2,IFNGR1,ZR751,ED,3459,2339,2344,3.183125407
617,Brain.3,MAPKAPK5-AS1,ZR751,ED,51275,2685,2690,3.183259602
618,Brain.4,SERPINA3,MCF7,E2,12,3027,242,3.1833486
619,Brain.1,TMEM161B-AS1,ZR751,ED,100505894,2187,2192,3.184090258
620,Adrenal.3,DNAH2,MCF7,E2,146754,3243,244,3.184361246
621,Bone.3,PLEKHA8P1,MCF7,E2,51054,1090,1095,3.185080782
622,Bone.2,TMEM68,MCF7,E2,137695,745,750,3.185647704
623,Bone.2,USP53,MCF7,E2,54532,760,765,3.185663076
624,Kidney.1,LINC00954,MCF7,E2,400946,3150,365,3.186268879
625,Brain.4,RORC,MCF7,E2,6097,3020,235,3.187148507
626,Bone.3,MALL,MCF7,E2,7851,1003,1008,3.187529211
627,Brain.1,CYGB,ZR751,ED,114757,1971,1976,3.190299205
628,Adrenal.3,C9orf43,MCF7,E2,257169,3225,226,3.192367733
629,Bone.2,SDHD,MCF7,E2,6392,717,3258,3.192430336
630,Brain.4,VWA3A,MCF7,E2,146177,3050,265,3.196500724
631,Brain.4,HTR2C,MCF7,E2,3358,2959,2964,3.196704727
632,Brain.4,SUSD2,MCF7,E2,56241,3039,254,3.196704727
633,Brain.4,TSPAN2,MCF7,E2,10100,3047,262,3.196704727
634,Adrenal.3,KCNAB2,MCF7,E2,8514,3281,282,3.196722034
635,Bone.4,SLC35E3,MCF7,E2,55508,1624,1629,3.197738133
636,Bone.3,MYH3,MCF7,E2,4621,1035,1040,3.200469096
637,Bone.3,ZCCHC24,MCF7,E2,219654,1265,1270,3.200469096
638,Bone.3,LOC103611081,MCF7,E2,103611081,1294,1299,3.200469096
639,Adrenal.3,PTPRN2,MCF7,E2,5799,328,333,3.201590594
640,Brain.3,RORC,ZR751,ED,6097,2786,2791,3.202109519
641,Brain.4,CXCR4,MCF7,E2,7852,2938,2943,3.204232977
642,Bone.4,HDHD3,MCF7,E2,81932,1436,1441,3.20424654
643,Adrenal.2,SPAG17,MCF7,E2,200162,3199,200,3.209363001
644,Bone.2,CNDP2,MCF7,E2,55748,3197,556,3.20961692
645,Brain.2,MAGT1,ZR751,ED,84061,2358,2363,3.209908395
646,Adrenal.3,KCNJ15,MCF7,E2,3772,3283,284,3.210357682
647,Adrenal.3,SPTBN4,MCF7,E2,57731,373,378,3.210357682
648,Kidney.1,LOC730183,MCF7,E2,730183,3260,475,3.210360139
649,Bone.3,POLR3B,MCF7,E2,55703,1099,1104,3.214103464
650,Bone.4,ASAH2,MCF7,E2,56624,1319,1324,3.215710204
651,Brain.1,CHROMR,ZR751,ED,101927027,1958,1963,3.218372578
652,Brain.1,TARS3,ZR751,ED,123283,2176,2181,3.218372578
653,Bone.4,CENPBD1P1,MCF7,E2,65996,1355,1360,3.218580114
654,Brain.1,MAP2K3,ZR751,ED,5606,2046,2051,3.221121251
655,Bone.1,FAM71D,MCF7,E2,161142,422,427,3.221342586
656,Kidney.1,DGKA,MCF7,E2,1606,3109,324,3.221346478
657,Brain.2,MYRIP,ZR751,ED,25924,2380,2385,3.222470488
658,Brain.2,UCP2,ZR751,ED,7351,2506,2511,3.222470488
659,Adrenal.2,EFCAB12,MCF7,E2,90288,128,3230,3.223642374
660,Adrenal.2,KIF21B,MCF7,E2,23046,3198,3249,3.223642374
661,Adrenal.2,GP2,MCF7,E2,2813,135,3237,3.224179163
662,Adrenal.2,TEKT1,MCF7,E2,83659,3202,203,3.224179163
663,Adrenal.3,CCDC181,MCF7,E2,57821,3229,230,3.224608753
664,Adrenal.3,PAG1,MCF7,E2,55824,313,318,3.224608753
665,Adrenal.3,SLC28A1,MCF7,E2,9154,357,362,3.224608753
666,Adrenal.3,TP53INP2,MCF7,E2,58476,386,391,3.224608753
667,Bone.2,TMEM115,MCF7,E2,11070,742,3283,3.226011314
668,Bone.4,MTX2,MCF7,E2,10651,1516,1521,3.227589598
669,Bone.4,LRRC57,MCF7,E2,255252,1484,1489,3.228403595
670,Bone.2,DRG2,MCF7,E2,1819,3212,571,3.229270268
671,Brain.2,GGT1,ZR751,ED,2678,2321,2326,3.229394955
672,Bone.4,FGGY,MCF7,E2,55277,1416,1421,3.234987532
673,Brain.1,RUFY1-AS1,ZR751,ED,101928445,2137,2142,3.235704908
674,Brain.4,STC1,MCF7,E2,6781,3036,251,3.236409638
675,Bone.3,SYNJ1,MCF7,E2,8867,1195,1272,3.237895985
676,Adrenal.2,GSTA1,MCF7,E2,2938,137,3239,3.238468821
677,Adrenal.2,ARMC4,MCF7,E2,55130,107,3209,3.239095277
678,Brain.3,SLC6A9,ZR751,ED,6536,2811,2816,3.239433237
679,Bone.4,SPHK1,MCF7,E2,8877,1639,1644,3.243257209
680,Brain.1,COA7,ZR751,ED,65260,1963,1968,3.243874381
681,Bone.4,CAMLG,MCF7,E2,819,1339,1344,3.244058729
682,Bone.3,VIPR1,MCF7,E2,7433,1253,1258,3.249411022
683,Brain.2,GAS8-AS1,ZR751,ED,750,2319,2324,3.253286238
684,Bone.4,TIPIN,MCF7,E2,54962,1660,1665,3.253329236
685,Kidney.1,B4GALNT1,MCF7,E2,2583,3072,287,3.254014386
686,Brain.3,CCDC160,ZR751,ED,347475,2565,2570,3.254046182
687,Brain.3,GULP1,ZR751,ED,51454,2643,2648,3.254046182
688,Brain.3,SIX1,ZR751,ED,6495,2807,2812,3.254046182
689,Brain.3,SLC16A10,ZR751,ED,117247,2809,2814,3.254046182
690,Brain.3,CCNO,ZR751,ED,10309,2570,2575,3.254879535
691,Bone.2,TOMM34,MCF7,E2,10953,748,753,3.255624098
692,Brain.1,NYNRIN,ZR751,ED,57523,2077,2082,3.256743408
693,Bone.2,ZNF682,MCF7,E2,91120,777,782,3.257702195
694,Bone.1,ACE,MCF7,E2,1636,399,404,3.258161349
695,Brain.2,WDR19,ZR751,ED,57728,2510,2515,3.260087057
696,Brain.3,PYCR2,ZR751,ED,29920,2765,2770,3.261533045
697,Adrenal.2,GSTM3,MCF7,E2,2947,138,3240,3.262436419
698,Bone.3,FAM155B,MCF7,E2,27112,914,919,3.262503989
699,Bone.3,SLC26A6,MCF7,E2,65010,1160,1237,3.262503989
700,Brain.2,C1GALT1,ZR751,ED,56913,2248,2253,3.262705468
701,Brain.1,SYCE2,ZR751,ED,256126,2170,2175,3.263572345
702,Bone.3,ACAD8,MCF7,E2,27034,787,792,3.26637783
703,Bone.4,MYL9,MCF7,E2,10398,1519,1524,3.268336057
704,Bone.2,MTIF2,MCF7,E2,4528,3243,85,3.268818494
705,Brain.3,NR1H3,ZR751,ED,10062,2725,2730,3.268993843
706,Bone.4,MRPL18,MCF7,E2,29074,1512,1517,3.269463049
707,Bone.3,TIMM10,MCF7,E2,26519,1214,1219,3.270204447
708,Kidney.1,TNFAIP2,MCF7,E2,7127,3236,451,3.271451076
709,Bone.4,PPARA,MCF7,E2,5465,1565,1570,3.273148103
710,Adrenal.3,LINC00504,MCF7,E2,201853,290,295,3.27465557
711,Brain.3,CTSZ,ZR751,ED,1522,2592,2597,3.274764794
712,Brain.3,ZFPM1,ZR751,ED,161882,2880,2885,3.274764794
713,Brain.1,LYZ,ZR751,ED,4069,2045,2050,3.275417296
714,Bone.3,ARHGEF3,MCF7,E2,50650,803,808,3.276905305
715,Bone.3,CAPN5,MCF7,E2,726,827,832,3.276905305
716,Bone.3,GGT7,MCF7,E2,2686,932,937,3.276905305
717,Adrenal.3,ITGAL,MCF7,E2,3683,3276,277,3.278815375
718,Adrenal.3,PPARGC1A,MCF7,E2,10891,326,331,3.278815375
719,Brain.1,CLP1,ZR751,ED,10978,1961,1966,3.279392363
720,Brain.1,SMAD1-AS2,ZR751,ED,101927659,2156,2161,3.279392363
721,Brain.3,DCAF4,ZR751,ED,26094,2595,2600,3.280040995
722,Bone.3,TMEM60,MCF7,E2,85025,1222,1227,3.282403735
723,Brain.2,NEPRO,ZR751,ED,25871,2385,2390,3.282473823
724,Adrenal.1,SPTBN4,MCF7,E2,57731,81,83,3.283857912
725,Bone.3,SH3BGR,MCF7,E2,6450,1148,1225,3.284314284
726,Brain.2,APC2,ZR751,ED,10297,2235,2240,3.285429708
727,Bone.4,ZNF354A,MCF7,E2,6940,1698,1703,3.285470757
728,Brain.2,PWWP2A,ZR751,ED,114825,2426,2431,3.285727035
729,Brain.1,DICER1-AS1,ZR751,ED,400242,1975,1980,3.287383121
730,Bone.4,LRGUK,MCF7,E2,136332,1483,1488,3.288697632
731,Kidney.1,C4A,MCF7,E2,720,3079,294,3.290195251
732,Brain.2,KLHL42,ZR751,ED,57542,2351,2356,3.290745526
733,Brain.1,EXTL2,ZR751,ED,2135,1992,1997,3.292203803
734,Adrenal.3,VXN,MCF7,E2,254778,390,395,3.292542918
735,Bone.4,SLC24A5,MCF7,E2,283652,1621,1626,3.292622638
736,Adrenal.2,HYDIN,MCF7,E2,54768,3190,3241,3.293377607
737,Brain.3,TTLL7,ZR751,ED,79739,2858,2863,3.294268273
738,Bone.4,TIGAR,MCF7,E2,57103,1657,1662,3.294336019
739,Brain.2,FBXL13,ZR751,ED,222235,2310,2315,3.29739428
740,Bone.2,MARCHF1,MCF7,E2,55016,3231,3220,3.298058845
741,Bone.2,MRPL22,MCF7,E2,29093,3239,81,3.298058845
742,Bone.2,RPS6KA5,MCF7,E2,9252,709,3250,3.298058845
743,Brain.4,ACADS,MCF7,E2,35,2899,2904,3.299352424
744,Bone.4,KIF9,MCF7,E2,64147,1468,1473,3.301849211
745,Bone.3,NUP62CL,MCF7,E2,54830,1061,1066,3.302955789
746,Brain.2,LACC1,ZR751,ED,144811,2352,2357,3.305383268
747,Bone.4,MED9,MCF7,E2,55090,1496,1501,3.305419632
748,Bone.3,ZNF701,MCF7,E2,55762,1281,1286,3.305791356
749,Adrenal.2,MYO16,MCF7,E2,23026,3211,3262,3.309227696
750,Kidney.1,RWDD2A,MCF7,E2,112611,3208,423,3.309437946
751,Kidney.1,LINC00115,MCF7,E2,79854,3149,364,3.310466123
752,Brain.2,GAREM1,ZR751,ED,64762,2318,2323,3.310902443
753,Bone.4,NAXE,MCF7,E2,128240,1522,1527,3.311046846
754,Bone.1,STRC,MCF7,E2,161497,483,488,3.312028611
755,Kidney.1,HOXC13-AS,MCF7,E2,100874366,3138,353,3.313894151
756,Brain.3,GATA2,ZR751,ED,2624,2629,2634,3.31554294
757,Brain.3,NOL12,ZR751,ED,79159,2722,2727,3.31554294
758,Brain.3,SUPT3H,ZR751,ED,8464,2829,2834,3.31554294
759,Bone.1,HCN3,MCF7,E2,57657,427,432,3.315786977
760,Kidney.1,CASC1,MCF7,E2,55259,3081,296,3.317078389
761,Kidney.1,FLACC1,MCF7,E2,130540,3127,342,3.317078389
762,Kidney.1,KLHDC8B,MCF7,E2,200942,3145,360,3.317078389
763,Kidney.1,NPAS1,MCF7,E2,4861,3174,389,3.317078389
764,Bone.4,OXTR,MCF7,E2,5021,1539,1544,3.321629489
765,Bone.4,PLPP1,MCF7,E2,8611,1560,1565,3.321629489
766,Bone.3,SLC2A12,MCF7,E2,154091,1161,1238,3.323789443
767,Brain.4,GJB2,MCF7,E2,2706,2951,2956,3.325082834
768,Bone.3,PEPD,MCF7,E2,5184,1077,1082,3.326739057
769,Bone.3,CCDC71,MCF7,E2,64925,831,836,3.328704251
770,Brain.3,TMEM161B,ZR751,ED,153396,2842,2847,3.329926545
771,Bone.2,SLC24A3,MCF7,E2,57419,726,3267,3.329994693
772,Bone.4,RBM5-AS1,MCF7,E2,100775107,1582,1587,3.330719615
773,Bone.4,SASS6,MCF7,E2,163786,1609,1614,3.330719615
774,Adrenal.3,NRG2,MCF7,E2,9542,307,312,3.331058823
775,Adrenal.3,SOGA3,MCF7,E2,387104,370,375,3.331058823
776,Bone.1,MIR9-3HG,MCF7,E2,254559,442,447,3.333448984
777,Bone.4,CLIC6,MCF7,E2,54102,1361,1366,3.333935811
778,Bone.4,MNX1,MCF7,E2,3110,1509,1514,3.333935811
779,Adrenal.2,DPF3,MCF7,E2,8110,126,3228,3.33471935
780,Bone.3,HYLS1,MCF7,E2,219844,963,968,3.335016392
781,Bone.2,THOC7-AS1,MCF7,E2,100874039,740,3281,3.337703326
782,Bone.4,SLC25A19,MCF7,E2,60386,1623,1628,3.337777208
783,Bone.1,CHST8,MCF7,E2,64377,411,416,3.339751896
784,Bone.1,EGF,MCF7,E2,1950,420,425,3.339751896
785,Bone.1,LPAR3,MCF7,E2,23566,439,444,3.339751896
786,Bone.1,POU2F2,MCF7,E2,5452,458,463,3.339751896
787,Bone.1,RCN3,MCF7,E2,57333,463,468,3.339751896
788,Brain.2,SFT2D3,ZR751,ED,84826,2452,2457,3.340460421
789,Bone.4,LHPP,MCF7,E2,64077,1474,1479,3.340722364
790,Bone.4,SEMA6D,MCF7,E2,80031,1616,1621,3.341191937
791,Bone.4,SNORD53,MCF7,E2,26796,1632,1637,3.341191937
792,Bone.4,SPATA18,MCF7,E2,132671,1637,1642,3.341191937
793,Brain.2,FAM241A,ZR751,ED,132720,2308,2313,3.342608692
794,Brain.2,FUCA1,ZR751,ED,2517,2314,2319,3.34418793
795,Bone.3,ACKR2,MCF7,E2,1238,788,793,3.344912741
796,Bone.3,C9orf40,MCF7,E2,55071,825,830,3.344912741
797,Bone.3,PRO1804,MCF7,E2,100133319,1290,1295,3.344912741
798,Kidney.1,PRSS22,MCF7,E2,64063,3195,410,3.345822147
799,Brain.2,DENND3,ZR751,ED,22898,2285,2290,3.346430081
800,Brain.1,LOC171391,ZR751,ED,171391,2220,2225,3.347618968
801,Adrenal.2,TMC5,MCF7,E2,79838,3203,204,3.348754227
802,Bone.3,STOX2,MCF7,E2,56977,1188,1265,3.350193163
803,Bone.2,KIN,MCF7,E2,22944,3220,3209,3.350680389
804,Brain.3,HES6,ZR751,ED,55502,2650,2655,3.351361498
805,Brain.2,SPRYD3,ZR751,ED,84926,2471,2476,3.352095856
806,Adrenal.2,ABCA13,MCF7,E2,154664,98,3200,3.352171261
807,Brain.3,NME5,ZR751,ED,8382,2721,2726,3.353791605
808,Brain.3,TLDC2,ZR751,ED,140711,2838,2843,3.353791605
809,Adrenal.2,UGT2B17,MCF7,E2,7367,3206,207,3.356556034
810,Bone.3,GOLM1,MCF7,E2,51280,938,943,3.359811627
811,Bone.2,ADCK1,MCF7,E2,57143,507,512,3.361541564
812,Kidney.1,PIP5K1B,MCF7,E2,8395,3186,401,3.361887701
813,Bone.3,CEACAM5,MCF7,E2,1048,834,839,3.362749705
814,Bone.4,ABHD17B,MCF7,E2,51104,1297,1302,3.365012196
815,Bone.4,B3GALT2,MCF7,E2,8707,1324,1329,3.365734815
816,Bone.4,CEACAM1,MCF7,E2,634,1352,1357,3.365734815
817,Bone.3,TMEM70,MCF7,E2,54968,1224,1229,3.367133182
818,Bone.3,LPP-AS2,MCF7,E2,339929,995,1000,3.367603624
819,Bone.4,DLK2,MCF7,E2,65989,1387,1392,3.368985385
820,Bone.4,KAAG1,MCF7,E2,353219,1463,1468,3.368985385
821,Brain.3,CCDC151,ZR751,ED,115948,2564,2569,3.369153412
822,Brain.3,CYP4V2,ZR751,ED,285440,2593,2598,3.369153412
823,Bone.3,MYORG,MCF7,E2,57462,1037,1042,3.369620807
824,Brain.4,CLIC2,MCF7,E2,1193,2929,2934,3.369631516
825,Brain.1,LINC02433,ZR751,ED,340017,2039,2044,3.373334749
826,Brain.3,FAS,ZR751,ED,355,2619,2624,3.374030922
827,Brain.1,ST3GAL5,ZR751,ED,8869,2168,2173,3.376833675
828,Bone.3,ZNF555,MCF7,E2,148254,1276,1281,3.377159236
829,Brain.2,CD99L2,ZR751,ED,83692,2259,2264,3.378596652
830,Brain.3,CCDC74A,ZR751,ED,90557,2569,2574,3.379887915
831,Adrenal.3,ZFPM2,MCF7,E2,23414,396,401,3.381476339
832,Bone.4,ZNF816,MCF7,E2,125893,1703,1708,3.382360758
833,Adrenal.2,CCNP,MCF7,E2,79935,116,3218,3.383546848
834,Brain.1,ZNF786,ZR751,ED,136051,2218,2223,3.385175907
835,Kidney.1,NAT14,MCF7,E2,57106,3170,385,3.386653741
836,Bone.4,LEKR1,MCF7,E2,389170,1472,1477,3.38678006
837,Adrenal.2,LINC01814,MCF7,E2,101929567,3204,3255,3.386967463
838,Bone.3,LIPH,MCF7,E2,200879,991,996,3.387606189
839,Adrenal.2,MAP3K19,MCF7,E2,80122,3207,3258,3.388157991
840,Bone.2,DNAJC24,MCF7,E2,120526,3210,569,3.388220805
841,Adrenal.3,PAX6,MCF7,E2,5080,315,320,3.3890987
842,Brain.2,FMO5,ZR751,ED,2330,2311,2316,3.389402699
843,Brain.3,GDPGP1,ZR751,ED,390637,2631,2636,3.395892541
844,Brain.2,ANXA11,ZR751,ED,311,2234,2239,3.396956631
845,Bone.4,SMC1B,MCF7,E2,27127,1628,1633,3.397397897
846,Bone.2,C9orf16,MCF7,E2,79095,533,538,3.399805627
847,Bone.3,PLA2G10,MCF7,E2,8399,1088,1093,3.401904834
848,Bone.2,SNED1,MCF7,E2,25992,734,3275,3.401949376
849,Bone.2,TRIM11,MCF7,E2,81559,751,756,3.401949376
850,Kidney.1,ZNF774,MCF7,E2,342132,3257,472,3.402368809
851,Brain.1,CCDC173,ZR751,ED,129881,1952,1957,3.402649182
852,Brain.3,ELOA-AS1,ZR751,ED,100506963,2611,2616,3.402793417
853,Bone.4,PLPPR5,MCF7,E2,163404,1561,1566,3.402801922
854,Bone.4,MTMR7,MCF7,E2,9108,1514,1519,3.404372208
855,Bone.1,ARHGDIG,MCF7,E2,398,404,409,3.404458972
856,Brain.2,BRMS1,ZR751,ED,25855,2244,2249,3.405491366
857,Bone.6,ID1,ZR751,ED,3397,1861,1866,3.40577716
858,Brain.3,KIAA1549L,ZR751,ED,25758,2671,2676,3.406482898
859,Brain.3,LOC105371414,ZR751,ED,105371414,2898,2903,3.408957081
860,Brain.1,SERPINB2,ZR751,ED,5055,2147,2152,3.410479797
861,Bone.4,ABCA10,MCF7,E2,10349,1296,1301,3.412919047
862,Brain.2,RHOV,ZR751,ED,171177,2432,2437,3.413897334
863,Bone.3,CDC20B,MCF7,E2,166979,832,837,3.415050593
864,Bone.3,MED30,MCF7,E2,90390,1014,1019,3.415088561
865,Bone.2,PRKRA,MCF7,E2,8575,3280,3222,3.416911723
866,Bone.4,TTC38,MCF7,E2,55020,1670,1675,3.418009918
867,Adrenal.2,SLC26A2,MCF7,E2,1836,3197,198,3.421038413
868,Bone.4,PKNOX1,MCF7,E2,5316,1553,1558,3.421601707
869,Bone.4,OTULINL,MCF7,E2,54491,1538,1543,3.423122554
870,Brain.3,POLD1,ZR751,ED,5424,2750,2755,3.424499307
871,Brain.3,WDR13,ZR751,ED,64743,2870,2875,3.424499307
872,Bone.6,WDR18,ZR751,ED,57418,1918,1923,3.424635142
873,Kidney.1,ODF3B,MCF7,E2,440836,3176,391,3.425436634
874,Bone.4,DLEU2,MCF7,E2,8847,1385,1390,3.426734126
875,Kidney.1,PLPPR3,MCF7,E2,79948,3189,404,3.426775527
876,Bone.2,FAM183A,MCF7,E2,440585,80,586,3.429176187
877,Bone.3,PLEKHG7,MCF7,E2,440107,1092,1097,3.432475963
878,Bone.2,HYAL2,MCF7,E2,8692,3210,3199,3.433252298
879,Adrenal.3,ESRRG,MCF7,E2,2104,3253,254,3.433921904
880,Bone.3,MUC5AC,MCF7,E2,4586,1033,1038,3.43670565
881,Adrenal.2,ADGB,MCF7,E2,79747,100,3202,3.437389324
882,Bone.1,GNB3,MCF7,E2,2784,426,431,3.438684164
883,Brain.4,TRIM55,MCF7,E2,84675,3045,260,3.439854298
884,Bone.4,LPCAT2,MCF7,E2,54947,1482,1487,3.442750853
885,Brain.1,LOXL3,ZR751,ED,84695,2041,2046,3.444885188
886,Bone.2,MARS2,MCF7,E2,92935,3232,3221,3.446734612
887,Bone.3,DRC3,MCF7,E2,83450,887,892,3.449858303
888,Brain.3,MUC6,ZR751,ED,4588,2707,2712,3.452396385
889,Bone.4,COMTD1,MCF7,E2,118881,1366,1371,3.454005931
890,Bone.4,MICAL2,MCF7,E2,84953,1499,1504,3.454005931
891,Brain.2,ANTKMT,ZR751,ED,65990,2233,2238,3.45420362
892,Kidney.1,MELTF-AS1,MCF7,E2,100507057,3160,375,3.454678402
893,Brain.2,CABLES2,ZR751,ED,81928,2249,2254,3.45827318
894,Bone.2,MAK16,MCF7,E2,84549,3229,3218,3.460055424
895,Bone.4,DDIAS,MCF7,E2,220042,1378,1383,3.461332256
896,Brain.2,ZNF142,ZR751,ED,7701,2519,2524,3.462966436
897,Brain.1,ZNF112,ZR751,ED,7771,2211,2216,3.463315672
898,Bone.3,TENT5B,MCF7,E2,115572,1209,1214,3.464388696
899,Brain.3,NCS1,ZR751,ED,23413,2713,2718,3.468172269
900,Brain.3,COL18A1,ZR751,ED,80781,2585,2590,3.468811839
901,Brain.2,TUBGCP4,ZR751,ED,27229,2503,2508,3.471075555
902,Brain.3,NOXRED1,ZR751,ED,122945,2724,2729,3.475751408
903,Brain.3,SAMD3,ZR751,ED,154075,2793,2798,3.475751408
904,Bone.4,HUS1,MCF7,E2,3364,1445,1450,3.476107245
905,Adrenal.3,GRIK5,MCF7,E2,2901,3263,264,3.47731483
906,Bone.3,TTC9,MCF7,E2,23508,1241,1246,3.478612508
907,Brain.3,CPA1,ZR751,ED,1357,2588,2593,3.480982446
908,Adrenal.3,PTPRB,MCF7,E2,5787,327,332,3.480985846
909,Bone.3,STS,MCF7,E2,412,1190,1267,3.483278774
910,Adrenal.2,KCNMA1,MCF7,E2,3778,3197,3248,3.486108301
911,Kidney.1,PSEN2,MCF7,E2,5664,3196,411,3.489674095
912,Bone.4,ANXA8,MCF7,E2,653145,1311,1316,3.490277559
913,Bone.4,GCAT,MCF7,E2,23464,1423,1428,3.490277559
914,Bone.4,SFMBT2,MCF7,E2,57713,1618,1623,3.490277559
915,Kidney.1,RORC,MCF7,E2,6097,3206,421,3.493333573
916,Kidney.1,DNAH2,MCF7,E2,146754,3112,327,3.495825761
917,Adrenal.3,LOC441666,MCF7,E2,441666,397,402,3.495866976
918,Bone.4,ZNF596,MCF7,E2,169270,1701,1706,3.498077625
919,Brain.2,LAMTOR2,ZR751,ED,28956,2353,2358,3.49851247
920,Brain.3,R3HCC1,ZR751,ED,203069,2767,2772,3.499471826
921,Bone.3,ERVMER34-1,MCF7,E2,100288413,908,913,3.499853059
922,Adrenal.2,PTPRN2,MCF7,E2,5799,78,3276,3.500296247
923,Bone.3,DNAJB4,MCF7,E2,11080,882,887,3.501240529
924,Adrenal.2,ZBBX,MCF7,E2,79740,3209,210,3.501409332
925,Brain.3,SPINK8,ZR751,ED,646424,2822,2827,3.501543788
926,Brain.3,H2AC6,ZR751,ED,8334,2645,2650,3.503203918
927,Brain.2,GALE,ZR751,ED,2582,2315,2320,3.503466493
928,Bone.1,LHX6,MCF7,E2,26468,435,440,3.508685833
929,Bone.1,SCARF2,MCF7,E2,91179,478,483,3.508685833
930,Adrenal.1,C9orf152,MCF7,E2,401546,14,88,3.508855923
931,Kidney.1,CDHR3,MCF7,E2,222256,3088,303,3.508959863
932,Kidney.1,SLC2A4,MCF7,E2,6517,3216,431,3.508959863
933,Bone.4,STEAP4,MCF7,E2,79689,1645,1650,3.510853775
934,Adrenal.3,PKD1L2,MCF7,E2,114780,321,326,3.514262588
935,Brain.1,MIR215,ZR751,ED,406997,2056,2061,3.516120896
936,Brain.1,MIR3934,ZR751,ED,100500873,2058,2063,3.516120896
937,Adrenal.3,SH3TC2,MCF7,E2,79628,354,359,3.522947739
938,Adrenal.3,WDFY4,MCF7,E2,57705,391,396,3.522947739
939,Brain.4,MAP3K8,MCF7,E2,1326,2985,200,3.523183292
940,Bone.4,ZNF528,MCF7,E2,84436,1700,1705,3.524111281
941,Bone.2,MSANTD3-TMEFF1,MCF7,E2,100526694,3240,82,3.52572093
942,Kidney.1,CCDC40,MCF7,E2,55036,3085,300,3.526704307
943,Brain.4,ZNF486,MCF7,E2,90649,3055,270,3.527510734
944,Brain.4,SHC4,MCF7,E2,399694,3030,245,3.530936176
945,Bone.3,CTBS,MCF7,E2,1486,868,873,3.532008133
946,Adrenal.1,RGS22,MCF7,E2,26166,73,3222,3.532044265
947,Brain.3,COQ6,ZR751,ED,51004,2587,2592,3.532259602
948,Kidney.1,LRRIQ1,MCF7,E2,84125,3155,370,3.537043249
949,Bone.2,MIR4429,MCF7,E2,100616469,3235,77,3.540871829
950,Adrenal.1,SUSD2,MCF7,E2,56241,83,85,3.541569495
951,Bone.1,IL3RA,MCF7,E2,3563,428,433,3.542078866
952,Bone.2,NBR2,MCF7,E2,10230,3250,92,3.545436448
953,Brain.2,MPND,ZR751,ED,84954,2370,2375,3.545540079
954,Adrenal.3,PEX5L,MCF7,E2,51555,320,325,3.548116023
955,Brain.2,CISD2,ZR751,ED,493856,2269,2274,3.549169004
956,Bone.3,FRAT1,MCF7,E2,10023,923,928,3.54957475
957,Bone.3,LOC101927911,MCF7,E2,101927911,1292,1297,3.54957475
958,Adrenal.3,PTPRT,MCF7,E2,11122,329,334,3.551054115
959,Brain.2,MBP,ZR751,ED,4155,2363,2368,3.551332898
960,Bone.2,LINC01184,MCF7,E2,644873,3228,3217,3.552180426
961,Kidney.1,FAM81B,MCF7,E2,153643,3126,341,3.552277498
962,Adrenal.2,SERPINA5,MCF7,E2,5104,96,197,3.552313333
963,Brain.4,MAOA,MCF7,E2,4128,2984,199,3.556011139
964,Brain.2,EXOSC2,ZR751,ED,23404,2302,2307,3.556184517
965,Adrenal.2,RASGRF1,MCF7,E2,5923,81,3279,3.556234345
966,Brain.2,ORMDL1,ZR751,ED,94101,2399,2404,3.557537509
967,Bone.4,CAPS,MCF7,E2,828,1340,1345,3.55958975
968,Bone.4,LINC02148,MCF7,E2,100505811,1479,1484,3.55958975
969,Kidney.1,TMEM117,MCF7,E2,84216,3231,446,3.560445464
970,Kidney.1,BTBD18,MCF7,E2,643376,3076,291,3.566894631
971,Adrenal.3,CFAP65,MCF7,E2,255101,3235,236,3.567181409
972,Brain.4,MCTP2,MCF7,E2,55784,2986,201,3.569622217
973,Kidney.1,ADHFE1,MCF7,E2,137872,3060,275,3.570086484
974,Kidney.1,TEX9,MCF7,E2,374618,3230,445,3.570086484
975,Bone.3,CKMT1A,MCF7,E2,548596,847,852,3.571298918
976,Kidney.1,ZBBX,MCF7,E2,79740,3247,462,3.571996193
977,Bone.4,TIGD1,MCF7,E2,200765,1658,1663,3.573870564
978,Bone.4,VKORC1,MCF7,E2,79001,1680,1685,3.575020292
979,Kidney.1,ITGA11,MCF7,E2,22801,3141,356,3.576964196
980,Kidney.1,SPATA5L1,MCF7,E2,79029,3225,440,3.576964196
981,Adrenal.2,LAMA2,MCF7,E2,3908,3201,3252,3.578872135
982,Bone.2,DCTN6,MCF7,E2,10671,3207,566,3.580427469
983,Bone.2,LINC01089,MCF7,E2,338799,3227,3216,3.582582278
984,Bone.2,MOCS3,MCF7,E2,27304,3237,79,3.58517208
985,Adrenal.2,KLK10,MCF7,E2,5655,3199,3250,3.588168169
986,Bone.3,PTRHD1,MCF7,E2,391356,1115,1120,3.588586524
987,Bone.2,CAPN8,MCF7,E2,388743,539,544,3.589582797
988,Bone.4,MALL,MCF7,E2,7851,1487,1492,3.591165279
989,Bone.2,RIPPLY3,MCF7,E2,53820,692,3233,3.592316832
990,Kidney.1,TTC12,MCF7,E2,54970,3243,458,3.592665226
991,Bone.3,NIBAN1,MCF7,E2,116496,1049,1054,3.592698011
992,Bone.3,AKR7A3,MCF7,E2,22977,794,799,3.596116111
993,Brain.1,THOC7-AS1,ZR751,ED,100874039,2184,2189,3.59652249
994,Brain.3,LOC100506606,ZR751,ED,100506606,2895,2900,3.597895384
995,Bone.4,POLR3G,MCF7,E2,10622,1563,1568,3.599076314
996,Brain.3,CFLAR-AS1,ZR751,ED,65072,2579,2584,3.605352056
997,Brain.1,SNORD108,ZR751,ED,338427,2163,2168,3.605936941
998,Brain.2,ZNF761,ZR751,ED,388561,2523,2528,3.6062546
999,Adrenal.1,KLK12,MCF7,E2,43849,50,3199,3.609977727
1000,Brain.2,PKN3,ZR751,ED,29941,2414,2419,3.610400443
1001,Bone.2,CA8,MCF7,E2,767,534,539,3.610591442
1002,Brain.1,TXNRD3,ZR751,ED,114112,2198,2203,3.613876274
1003,Bone.3,GALNT5,MCF7,E2,11227,927,932,3.615159692
1004,Bone.3,METTL27,MCF7,E2,155368,1017,1022,3.615159692
1005,Bone.5,AEN,MCF7,ED,64782,1711,1716,3.615439033
1006,Brain.2,NAAA,ZR751,ED,27163,2381,2386,3.617200965
1007,Brain.4,COL5A2,MCF7,E2,1290,2934,2939,3.617490591
1008,Kidney.1,PDE10A,MCF7,E2,90632,3182,397,3.623419162
1009,Kidney.1,CYP4B1,MCF7,E2,1580,3102,317,3.623869373
1010,Kidney.1,KIAA1614,MCF7,E2,57710,3144,359,3.623869373
1011,Kidney.1,LOC100509620,MCF7,E2,100509620,3262,477,3.623869373
1012,Bone.3,EFCAB6,MCF7,E2,64800,893,898,3.624460221
1013,Brain.2,OBI1,ZR751,ED,79596,2398,2403,3.62493753
1014,Bone.1,VWA3A,MCF7,E2,146177,491,496,3.628365928
1015,Bone.2,EFCAB6,MCF7,E2,64800,3218,577,3.628552572
1016,Bone.2,TMEM126A,MCF7,E2,84233,743,3284,3.629868871
1017,Brain.4,KLK10,MCF7,E2,5655,2972,2977,3.630209231
1018,Adrenal.1,EPHA3,MCF7,E2,2042,32,3187,3.630828677
1019,Bone.3,OSGIN1,MCF7,E2,29948,1065,1070,3.632558112
1020,Bone.2,COL7A1,MCF7,E2,1294,3199,558,3.632818698
1021,Brain.4,UGT2B15,MCF7,E2,7366,3048,263,3.633081274
1022,Bone.4,RFESD,MCF7,E2,317671,1584,1589,3.640736874
1023,Bone.1,FGF12-AS1,MCF7,E2,100873986,423,428,3.644467388
1024,Bone.3,STOX1,MCF7,E2,219736,1187,1264,3.645188002
1025,Bone.3,CEACAM6,MCF7,E2,4680,835,840,3.645544856
1026,Brain.3,KLF4,ZR751,ED,9314,2674,2679,3.645613879
1027,Brain.3,XKR9,ZR751,ED,389668,2875,2880,3.64666219
1028,Adrenal.1,NR2E3,MCF7,E2,10002,60,3209,3.646861382
1029,Bone.3,DRICH1,MCF7,E2,51233,888,893,3.648025107
1030,Brain.3,RNF32,ZR751,ED,140545,2783,2788,3.64977842
1031,Adrenal.2,PLAT,MCF7,E2,5327,3222,3273,3.650452652
1032,Bone.2,ZCCHC4,MCF7,E2,29063,772,777,3.650896703
1033,Bone.3,CREB3L1,MCF7,E2,90993,864,869,3.652037094
1034,Brain.1,PIF1,ZR751,ED,80119,2095,2100,3.652871464
1035,Brain.1,SDHAF1,ZR751,ED,644096,2146,2151,3.652871464
1036,Kidney.1,CCDC24,MCF7,E2,149473,3083,298,3.654215737
1037,Kidney.1,PATL2,MCF7,E2,197135,3179,394,3.654215737
1038,Bone.3,H2AW,MCF7,E2,92815,950,955,3.655071613
1039,Brain.3,ZSCAN21,ZR751,ED,7589,2890,2895,3.657517139
1040,Bone.4,MAPK8IP1,MCF7,E2,9479,1491,1496,3.658534246
1041,Bone.1,DPF3,MCF7,E2,8110,419,424,3.659895584
1042,Bone.1,TBC1D8-AS1,MCF7,E2,100506286,484,489,3.659895584
1043,Bone.1,ZNF524,MCF7,E2,147807,495,500,3.659895584
1044,Brain.1,CCDC178,ZR751,ED,374864,1953,1958,3.659958674
1045,Brain.1,SGK1,ZR751,ED,6446,2148,2153,3.659958674
1046,Brain.1,FLJ37453,ZR751,ED,729614,2221,2226,3.660333747
1047,Bone.2,WASF3,MCF7,E2,10810,763,768,3.660634572
1048,Bone.3,LOC102723566,MCF7,E2,102723566,1293,1298,3.660823822
1049,Bone.2,CYLD,MCF7,E2,1540,3206,565,3.665638711
1050,Adrenal.2,AMPD1,MCF7,E2,270,101,3203,3.666029993
1051,Brain.3,CLRN1,ZR751,ED,7401,2583,2588,3.667880875
1052,Brain.3,OSER1-DT,ZR751,ED,100505783,2730,2735,3.667880875
1053,Brain.3,PDE1B,ZR751,ED,5153,2737,2742,3.667880875
1054,Brain.3,C10orf88,ZR751,ED,80007,2555,2560,3.668790836
1055,Bone.3,C6orf136,MCF7,E2,221545,822,827,3.671528858
1056,Adrenal.2,CADPS,MCF7,E2,8618,113,3215,3.672032429
1057,Bone.2,INAVA,MCF7,E2,55765,3212,3201,3.672625107
1058,Bone.4,LSM1,MCF7,E2,27257,1485,1490,3.673749001
1059,Brain.2,SARM1,ZR751,ED,23098,2447,2452,3.676713559
1060,Kidney.1,BCAR3,MCF7,E2,8412,3074,289,3.678290671
1061,Brain.3,RANBP3L,ZR751,ED,202151,2771,2776,3.678575811
1062,Bone.4,MINAR1,MCF7,E2,23251,1500,1505,3.678663101
1063,Bone.4,PSMB9,MCF7,E2,5698,1571,1576,3.678663101
1064,Bone.4,ST7,MCF7,E2,93655,1643,1648,3.678663101
1065,Bone.3,ID1,MCF7,E2,3397,965,970,3.680658989
1066,Bone.4,MINCR,MCF7,E2,100507316,1501,1506,3.682584355
1067,Adrenal.1,VWA3A,MCF7,E2,146177,93,95,3.683689196
1068,Bone.3,COL11A2,MCF7,E2,1302,856,861,3.684035294
1069,Bone.2,CRYZL2P,MCF7,E2,730102,3203,562,3.687752815
1070,Brain.3,RCOR2,ZR751,ED,283248,2776,2781,3.690517066
1071,Brain.3,LOC100134368,ZR751,ED,100134368,2894,2899,3.690517066
1072,Bone.2,PEX6,MCF7,E2,5190,3268,3210,3.690937884
1073,Bone.3,CHCHD5,MCF7,E2,84269,843,848,3.698293682
1074,Bone.2,CFAP410,MCF7,E2,755,3193,552,3.699899559
1075,Adrenal.2,MUCL1,MCF7,E2,118430,3210,3261,3.701388661
1076,Brain.1,TBX6,ZR751,ED,6911,2177,2182,3.701734249
1077,Bone.4,CCDC126,MCF7,E2,90693,1345,1350,3.702042796
1078,Bone.1,GDAP1L1,MCF7,E2,78997,425,430,3.702178106
1079,Bone.3,MAP10,MCF7,E2,54627,1005,1010,3.70471417
1080,Brain.2,CENPS-CORT,ZR751,ED,100526739,2263,2268,3.704848386
1081,Kidney.1,DACH2,MCF7,E2,117154,3103,318,3.706670632
1082,Adrenal.2,NACA2,MCF7,E2,342538,3212,3263,3.707710726
1083,Adrenal.2,RERG-AS1,MCF7,E2,100873980,83,3281,3.707710726
1084,Brain.2,NKRF,ZR751,ED,55922,2389,2394,3.708188657
1085,Brain.2,TBC1D8B,ZR751,ED,54885,2483,2488,3.7099463
1086,Brain.4,TIMP3,MCF7,E2,7078,3044,259,3.712486749
1087,Kidney.1,TMEM232,MCF7,E2,642987,3233,448,3.714078532
1088,Bone.4,ANKRD20A11P,MCF7,E2,391267,1308,1313,3.714225076
1089,Adrenal.1,ITIH2,MCF7,E2,3698,46,3195,3.716833238
1090,Bone.3,LINC00662,MCF7,E2,148189,989,994,3.718620312
1091,Bone.3,NLRP9,MCF7,E2,338321,1050,1055,3.718620312
1092,Bone.3,PCP2,MCF7,E2,126006,1072,1077,3.718620312
1093,Brain.3,HRAS,ZR751,ED,3265,2656,2661,3.721236061
1094,Bone.1,ARHGAP31,MCF7,E2,57514,403,408,3.722089916
1095,Brain.3,CMSS1,ZR751,ED,84319,2584,2589,3.72370667
1096,Bone.2,KALRN,MCF7,E2,8997,3217,3206,3.72643443
1097,Bone.3,AKR1C3,MCF7,E2,8644,793,798,3.728208157
1098,Bone.4,SKIDA1,MCF7,E2,387640,1620,1625,3.729251588
1099,Bone.4,THSD4-AS1,MCF7,E2,101929196,1655,1660,3.729251588
1100,Bone.4,ORAI3,MCF7,E2,93129,1537,1542,3.729494274
1101,Bone.2,ADAL,MCF7,E2,161823,505,510,3.731026906
1102,Bone.4,PCDHA9,MCF7,E2,9752,1543,1548,3.731476014
1103,Brain.3,FAM71C,ZR751,ED,196472,2618,2623,3.731636294
1104,Brain.2,SLC46A1,ZR751,ED,113235,2455,2460,3.731950259
1105,Bone.4,FGF12,MCF7,E2,2257,1415,1420,3.732535939
1106,Brain.1,ZNF516,ZR751,ED,9658,2214,2219,3.733726661
1107,Brain.2,ZNF367,ZR751,ED,195828,2520,2525,3.734042343
1108,Brain.2,ITGB5,ZR751,ED,3693,2345,2350,3.73572751
1109,Brain.1,SCARA3,ZR751,ED,51435,2142,2147,3.737730358
1110,Bone.2,GTDC1,MCF7,E2,79712,92,598,3.737947652
1111,Brain.4,SLC26A2,MCF7,E2,1836,3032,247,3.73818262
1112,Kidney.1,SGPP2,MCF7,E2,130367,3213,428,3.739411181
1113,Bone.2,ALKBH1,MCF7,E2,8846,513,518,3.740263169
1114,Adrenal.1,ADAMTS9,MCF7,E2,56999,2,76,3.745058736
1115,Brain.3,PINK1-AS,ZR751,ED,100861548,2744,2749,3.745369715
1116,Bone.4,SMIM8,MCF7,E2,57150,1629,1634,3.746584109
1117,Bone.4,SCLY,MCF7,E2,51540,1612,1617,3.746623173
1118,Bone.4,PGGHG,MCF7,E2,80162,1549,1554,3.748251249
1119,Kidney.1,TNS1,MCF7,E2,7145,3238,453,3.749793471
1120,Brain.2,ATXN7L1,ZR751,ED,222255,2242,2247,3.75272355
1121,Bone.3,CFAP46,MCF7,E2,54777,842,847,3.753346733
1122,Adrenal.2,S100P,MCF7,E2,6286,93,194,3.757498375
1123,Adrenal.2,DNAH12,MCF7,E2,201625,122,3224,3.761635868
1124,Brain.4,ACE,MCF7,E2,1636,2900,2905,3.761643299
1125,Kidney.1,SPANXA1,MCF7,E2,30014,3222,437,3.76523796
1126,Kidney.1,SPANXA2,MCF7,E2,728712,3223,438,3.76523796
1127,Adrenal.3,CPNE4,MCF7,E2,131034,3238,239,3.770039033
1128,Brain.4,ADAMTS9,MCF7,E2,56999,2904,2909,3.773735555
1129,Kidney.1,HIGD1B,MCF7,E2,51751,3136,351,3.774474162
1130,Brain.1,HVCN1,ZR751,ED,84329,2017,2022,3.777002865
1131,Brain.2,ZBTB46,ZR751,ED,140685,2515,2520,3.777968755
1132,Adrenal.1,DIRAS2,MCF7,E2,54769,31,3186,3.779318603
1133,Bone.5,HMGB1,MCF7,ED,3146,1737,1742,3.78068473
1134,Bone.3,C1orf220,MCF7,E2,400798,821,826,3.784548929
1135,Bone.3,ZNF792,MCF7,E2,126375,1283,1288,3.784548929
1136,Adrenal.2,DNAJB13,MCF7,E2,374407,124,3226,3.787624767
1137,Bone.2,PCDHB11,MCF7,E2,56125,3263,3205,3.790634744
1138,Bone.2,EMC7,MCF7,E2,56851,3221,580,3.795979435
1139,Bone.1,CABP4,MCF7,E2,57010,407,412,3.796749685
1140,Bone.1,LINC02466,MCF7,E2,101927282,437,442,3.796749685
1141,Brain.3,CCDC22,ZR751,ED,28952,2566,2571,3.797344552
1142,Bone.2,HAUS2,MCF7,E2,55142,3197,603,3.798069929
1143,Bone.4,C9orf85,MCF7,E2,138241,1335,1340,3.799977524
1144,Bone.2,NMRK1,MCF7,E2,54981,3254,96,3.803656402
1145,Brain.3,TMEM69,ZR751,ED,51249,2844,2849,3.805098842
1146,Kidney.1,MIR6811,MCF7,E2,102465486,3164,379,3.805798648
1147,Bone.4,RPH3AL,MCF7,E2,9501,1601,1606,3.806755744
1148,Adrenal.3,DPYSL5,MCF7,E2,56896,3246,247,3.807399346
1149,Adrenal.3,NTNG1,MCF7,E2,22854,308,313,3.807399346
1150,Bone.1,PLS3,MCF7,E2,5358,457,462,3.807669398
1151,Brain.2,IGF2BP3,ZR751,ED,10643,2340,2345,3.808646849
1152,Bone.2,SLC25A16,MCF7,E2,8034,727,3268,3.809066686
1153,Adrenal.2,ARHGEF38,MCF7,E2,54848,105,3207,3.814295381
1154,Kidney.1,KCNH7-AS1,MCF7,E2,101929570,3142,357,3.815750847
1155,Kidney.1,TOR4A,MCF7,E2,54863,3239,454,3.815750847
1156,Bone.2,PRG4,MCF7,E2,10216,3278,3220,3.816674523
1157,Adrenal.2,CDHR3,MCF7,E2,222256,117,3219,3.818586664
1158,Brain.4,STEAP4,MCF7,E2,79689,3037,252,3.819736295
1159,Adrenal.3,KLK12,MCF7,E2,43849,281,286,3.821608242
1160,Adrenal.3,VWA3A,MCF7,E2,146177,389,394,3.821608242
1161,Brain.1,BRWD1-AS1,ZR751,ED,100874093,1942,1947,3.82246174
1162,Brain.1,BDNF-AS,ZR751,ED,497258,1939,1944,3.824183281
1163,Brain.2,TSPAN33,ZR751,ED,340348,2501,2506,3.824653906
1164,Brain.1,MICU3,ZR751,ED,286097,2055,2060,3.824830926
1165,Adrenal.2,TBX4,MCF7,E2,9496,3201,202,3.826532441
1166,Bone.1,TP53TG5,MCF7,E2,27296,486,491,3.827319895
1167,Brain.4,INHA,MCF7,E2,3623,2967,2972,3.827613169
1168,Bone.2,ABCA10,MCF7,E2,10349,498,503,3.831443738
1169,Brain.3,C4orf36,ZR751,ED,132989,2558,2563,3.833964543
1170,Brain.3,MYO1G,ZR751,ED,64005,2708,2713,3.833964543
1171,Brain.3,ZEB1-AS1,ZR751,ED,220930,2878,2883,3.833964543
1172,Bone.3,IL17RE,MCF7,E2,132014,971,976,3.835508498
1173,Bone.4,PLEKHM3,MCF7,E2,389072,1558,1563,3.835796333
1174,Brain.3,CENPW,ZR751,ED,387103,2576,2581,3.837404718
1175,Brain.3,GTPBP8,ZR751,ED,29083,2642,2647,3.837404718
1176,Kidney.1,CFAP77,MCF7,E2,389799,3094,309,3.839285011
1177,Kidney.1,ENTPD3,MCF7,E2,956,3122,337,3.839285011
1178,Kidney.1,C1RL,MCF7,E2,51279,3078,293,3.842945193
1179,Bone.4,RNVU1-14,MCF7,E2,101954266,1599,1604,3.844305918
1180,Brain.1,METTL21EP,ZR751,ED,121952,2053,2058,3.846707277
1181,Bone.3,TMEM216,MCF7,E2,51259,1221,1226,3.849044582
1182,Kidney.1,MIR646HG,MCF7,E2,284757,3163,378,3.851219847
1183,Brain.4,B3GALT5,MCF7,E2,10317,2910,2915,3.854058782
1184,Kidney.1,PTPRVP,MCF7,E2,148713,3198,413,3.855223473
1185,Bone.3,ID4,MCF7,E2,3400,966,971,3.855280873
1186,Brain.2,CENPS,ZR751,ED,378708,2262,2267,3.858516055
1187,Bone.1,DNAH17,MCF7,E2,8632,417,422,3.859584814
1188,Adrenal.2,KCNB1,MCF7,E2,3745,3193,3244,3.863343562
1189,Kidney.1,CFAP57,MCF7,E2,149465,3093,308,3.866733204
1190,Bone.3,ARMC3,MCF7,E2,219681,804,809,3.869919468
1191,Bone.3,GSTCD-AS1,MCF7,E2,101929529,945,950,3.869919468
1192,Adrenal.1,KLK11,MCF7,E2,11012,49,3198,3.873895984
1193,Bone.2,UBOX5,MCF7,E2,22888,756,761,3.87523428
1194,Adrenal.2,CFAP45,MCF7,E2,25790,118,3220,3.877849786
1195,Bone.4,PPFIBP2,MCF7,E2,8495,1567,1572,3.881044116
1196,Brain.3,TGM3,ZR751,ED,7053,2835,2840,3.882646533
1197,Brain.3,LOC101928868,ZR751,ED,101928868,2897,2902,3.884986696
1198,Brain.1,ST7-AS1,ZR751,ED,93653,2169,2174,3.88521538
1199,Brain.1,TAGLN,ZR751,ED,6876,2175,2180,3.886920763
1200,Bone.4,ITPK1-AS1,MCF7,E2,319085,1457,1462,3.889295076
1201,Bone.2,ZNF418,MCF7,E2,147686,775,780,3.891799923
1202,Brain.4,ADRA2A,MCF7,E2,150,2905,2910,3.898749594
1203,Bone.4,TIAM2,MCF7,E2,26230,1656,1661,3.900155512
1204,Adrenal.3,DNAJC18,MCF7,E2,202052,3244,245,3.902099353
1205,Brain.2,CRAT,ZR751,ED,1384,2277,2282,3.905817599
1206,Brain.2,LINS1,ZR751,ED,55180,2356,2361,3.906276591
1207,Brain.2,CPT2,ZR751,ED,1376,2276,2281,3.91915233
1208,Brain.1,SNORD1B,ZR751,ED,677849,2164,2169,3.924517279
1209,Brain.1,DCX,ZR751,ED,1641,1973,1978,3.929787936
1210,Adrenal.3,ZAN,MCF7,E2,7455,395,400,3.931030023
1211,Brain.4,SYT13,MCF7,E2,57586,3040,255,3.931082783
1212,Brain.4,MITF,MCF7,E2,4286,2991,206,3.934094002
1213,Adrenal.2,ANK2,MCF7,E2,287,103,3205,3.935285702
1214,Adrenal.2,DRC1,MCF7,E2,92749,127,3229,3.935285702
1215,Adrenal.3,ITGA10,MCF7,E2,8515,3275,276,3.936940303
1216,Brain.3,TIRAP,ZR751,ED,114609,2836,2841,3.937790657
1217,Brain.3,KPNA7,ZR751,ED,402569,2675,2680,3.942941288
1218,Brain.3,SYNE4,ZR751,ED,163183,2830,2835,3.942941288
1219,Bone.3,MIR573,MCF7,E2,693158,1021,1026,3.942946194
1220,Brain.3,PIP,ZR751,ED,5304,2745,2750,3.944292562
1221,Kidney.1,LOC100129434,MCF7,E2,100129434,3261,476,3.944664982
1222,Bone.2,GATA6,MCF7,E2,2627,85,591,3.944700587
1223,Bone.2,RSKR,MCF7,E2,124923,712,3253,3.948512769
1224,Brain.1,ZNF571,ZR751,ED,51276,2215,2220,3.949336526
1225,Bone.2,ALS2CL,MCF7,E2,259173,514,519,3.950105998
1226,Adrenal.3,DPF3,MCF7,E2,8110,3245,246,3.953772301
1227,Brain.2,PCDHGC3,ZR751,ED,5098,2404,2409,3.954973605
1228,Brain.3,STAG3,ZR751,ED,10734,2826,2831,3.955349763
1229,Brain.2,DNAH3,ZR751,ED,55567,2288,2293,3.956848868
1230,Bone.3,C12orf4,MCF7,E2,57102,818,823,3.959879461
1231,Bone.3,ZNF891,MCF7,E2,101060200,1284,1289,3.960130326
1232,Bone.3,GPM6B,MCF7,E2,2824,939,944,3.960366331
1233,Bone.3,ZNF559,MCF7,E2,84527,1277,1282,3.960798747
1234,Bone.3,EDA,MCF7,E2,1896,889,894,3.961847496
1235,Bone.3,TCF24,MCF7,E2,100129654,1206,1211,3.961847496
1236,Bone.4,ZNF442,MCF7,E2,79973,1699,1704,3.965349285
1237,Bone.4,LOC101928834,MCF7,E2,101928834,1708,1713,3.965349285
1238,Adrenal.1,CDC14A,MCF7,E2,8556,18,92,3.96604063
1239,Kidney.1,FSTL4,MCF7,E2,23105,3128,343,3.966932569
1240,Bone.3,KCNAB1,MCF7,E2,7881,979,984,3.969476838
1241,Brain.3,PROB1,ZR751,ED,389333,2760,2765,3.972945293
1242,Bone.1,ANKRD37,MCF7,E2,353322,401,406,3.975036499
1243,Bone.5,FLG2,MCF7,ED,388698,1720,1725,3.982367623
1244,Bone.3,ELAC1,MCF7,E2,55520,898,903,3.984070565
1245,Brain.3,SNORD9,ZR751,ED,692053,2817,2822,3.989086805
1246,Brain.4,ADAM2,MCF7,E2,2515,2901,2906,3.993653219
1247,Adrenal.3,CDC14A,MCF7,E2,8556,3231,232,3.994228376
1248,Brain.2,GRIA2,ZR751,ED,2891,2327,2332,3.995699857
1249,Brain.1,C1QTNF9B,ZR751,ED,387911,1945,1950,3.998344579
1250,Bone.4,CDKL3,MCF7,E2,51265,1351,1356,4.004038722
1251,Brain.1,MELTF-AS1,ZR751,ED,100507057,2052,2057,4.004075282
1252,Bone.2,CENPA,MCF7,E2,1058,3191,550,4.006042423
1253,Bone.4,HOXC13-AS,MCF7,E2,100874366,1441,1446,4.00642798
1254,Bone.3,BTN1A1,MCF7,E2,696,817,822,4.006846787
1255,Brain.3,PBX1-AS1,ZR751,ED,100505795,2735,2740,4.007844189
1256,Bone.2,ERICH6-AS1,MCF7,E2,101928085,77,583,4.009600462
1257,Brain.2,ADGRB2,ZR751,ED,576,2226,2231,4.012132921
1258,Adrenal.3,ABCA9,MCF7,E2,10350,3211,212,4.013270495
1259,Bone.4,MYH7B,MCF7,E2,57644,1518,1523,4.013578813
1260,Brain.2,MB,ZR751,ED,4151,2362,2367,4.013641181
1261,Kidney.1,GPC3,MCF7,E2,2719,3133,348,4.014026031
1262,Kidney.1,NPPC,MCF7,E2,4880,3175,390,4.014026031
1263,Kidney.1,VILL,MCF7,E2,50853,3246,461,4.014026031
1264,Brain.4,WDR72,MCF7,E2,256764,3051,266,4.016466722
1265,Brain.1,HLX,ZR751,ED,3142,2014,2019,4.017008797
1266,Bone.4,HDDC3,MCF7,E2,374659,1435,1440,4.021262642
1267,Brain.3,DYNLT3,ZR751,ED,6990,2605,2610,4.022483653
1268,Brain.2,TBRG4,ZR751,ED,9238,2484,2489,4.024410392
1269,Bone.2,CPEB4,MCF7,E2,80315,3202,561,4.028564793
1270,Brain.2,TCAIM,ZR751,ED,285343,2485,2490,4.034522448
1271,Bone.2,WDR53,MCF7,E2,348793,764,769,4.035046396
1272,Bone.2,CLN8,MCF7,E2,2055,3196,555,4.037731571
1273,Bone.4,ZNF790-AS1,MCF7,E2,284408,1702,1707,4.04261001
1274,Brain.1,MIR4755,ZR751,ED,100616434,2059,2064,4.044071202
1275,Bone.4,ID1,MCF7,E2,3397,1447,1452,4.049596809
1276,Brain.3,PITRM1-AS1,ZR751,ED,100507034,2746,2751,4.050157936
1277,Brain.3,TMEM40,ZR751,ED,55287,2843,2848,4.052170376
1278,Bone.3,GGN,MCF7,E2,199720,931,936,4.061080997
1279,Bone.4,CYP4A22,MCF7,E2,284541,1375,1380,4.067065061
1280,Bone.4,MIR924HG,MCF7,E2,647946,1506,1511,4.067065061
1281,Bone.4,SYNJ2-IT1,MCF7,E2,100874300,1647,1652,4.067065061
1282,Bone.2,TRUB1,MCF7,E2,142940,752,757,4.075303885
1283,Bone.3,SIAE,MCF7,E2,54414,1151,1228,4.080239368
1284,Brain.1,PSTK,ZR751,ED,118672,2107,2112,4.081008284
1285,Brain.3,TNFRSF6B,ZR751,ED,8771,2848,2853,4.081093316
1286,Brain.4,PCDH19,MCF7,E2,57526,3004,219,4.0822406
1287,Brain.3,H4C1,ZR751,ED,8359,2647,2652,4.085970641
1288,Brain.3,HMGCS2,ZR751,ED,3158,2654,2659,4.088229892
1289,Brain.2,PHPT1,ZR751,ED,29085,2410,2415,4.089265001
1290,Adrenal.1,AFF3,MCF7,E2,3899,4,78,4.089558094
1291,Brain.3,FAM182A,ZR751,ED,284800,2617,2622,4.090595406
1292,Brain.2,GRK3,ZR751,ED,157,2328,2333,4.091503393
1293,Bone.4,KLK6,MCF7,E2,5653,1469,1474,4.092125214
1294,Kidney.1,DENND6B,MCF7,E2,414918,3107,322,4.092139048
1295,Brain.3,JPH3,ZR751,ED,57338,2669,2674,4.092476953
1296,Bone.3,TOMM20L,MCF7,E2,387990,1229,1234,4.09349267
1297,Brain.3,C2CD4D,ZR751,ED,100191040,2557,2562,4.094943159
1298,Bone.4,CEMIP,MCF7,E2,57214,1354,1359,4.095636155
1299,Brain.4,BDKRB2,MCF7,E2,624,2913,2918,4.097847816
1300,Bone.2,KLHL25,MCF7,E2,64410,3221,3210,4.098953057
1301,Bone.2,PINK1,MCF7,E2,65018,3272,3214,4.098953057
1302,Brain.1,RNF183,ZR751,ED,138065,2132,2137,4.099255829
1303,Kidney.1,LINC01006,MCF7,E2,100506380,3151,366,4.10177805
1304,Brain.2,ZDHHC12,ZR751,ED,84885,2516,2521,4.106027389
1305,Adrenal.3,AMPD1,MCF7,E2,270,3217,218,4.106144318
1306,Adrenal.3,SV2A,MCF7,E2,9900,377,382,4.106144318
1307,Brain.2,BUD31,ZR751,ED,8896,2247,2252,4.112597156
1308,Bone.3,LOC100130449,MCF7,E2,100130449,1289,1294,4.115299901
1309,Bone.4,BLNK,MCF7,E2,29760,1329,1334,4.117684664
1310,Bone.4,DRICH1,MCF7,E2,51233,1394,1399,4.117684664
1311,Bone.3,PGAP3,MCF7,E2,93210,1079,1084,4.120634188
1312,Bone.2,ACSL1,MCF7,E2,2180,502,507,4.121229812
1313,Bone.4,C1QTNF7,MCF7,E2,114905,1331,1336,4.125081731
1314,Bone.4,SGPP2,MCF7,E2,130367,1619,1624,4.125081731
1315,Brain.4,PKHD1,MCF7,E2,5314,3006,221,4.125222703
1316,Brain.3,MIR200C,ZR751,ED,406985,2690,2695,4.126327633
1317,Bone.3,ZBTB3,MCF7,E2,79842,1264,1269,4.130429585
1318,Brain.3,HOPX,ZR751,ED,84525,2655,2660,4.135070755
1319,Brain.2,CUTALP,ZR751,ED,253039,2280,2285,4.141326462
1320,Bone.4,FBXL14,MCF7,E2,144699,1412,1417,4.141369942
1321,Brain.2,LRAT,ZR751,ED,9227,2357,2362,4.142255205
1322,Bone.4,RNF180,MCF7,E2,285671,1595,1600,4.145790665
1323,Bone.2,WDR97,MCF7,E2,340390,765,770,4.152997164
1324,Adrenal.2,PECAM1,MCF7,E2,5175,3219,3270,4.154132083
1325,Bone.4,LINC00511,MCF7,E2,100499467,1477,1482,4.154343494
1326,Brain.3,C7orf66,ZR751,ED,154907,2559,2564,4.154451553
1327,Brain.3,MPO,ZR751,ED,4353,2699,2704,4.154451553
1328,Brain.2,GEMIN4,ZR751,ED,50628,2320,2325,4.155912828
1329,Kidney.1,CPM,MCF7,E2,1368,3100,315,4.160499161
1330,Brain.1,APOLD1,ZR751,ED,81575,1931,1936,4.160604049
1331,Bone.3,ZNF529-AS1,MCF7,E2,101927599,1275,1280,4.161133464
1332,Brain.3,LINC00571,ZR751,ED,100874188,2677,2682,4.16533222
1333,Brain.2,TEN1-CDK3,ZR751,ED,100529145,2487,2492,4.17585124
1334,Adrenal.2,VWA3A,MCF7,E2,146177,3207,208,4.17659705
1335,Kidney.1,SNTN,MCF7,E2,132203,3220,435,4.179934934
1336,Adrenal.2,AZGP1,MCF7,E2,563,109,3211,4.184529356
1337,Brain.4,LINC00645,MCF7,E2,100505967,2977,2982,4.185385966
1338,Brain.4,PARM1,MCF7,E2,25849,3001,216,4.194849907
1339,Bone.3,ST3GAL5,MCF7,E2,8869,1179,1256,4.197054789
1340,Brain.2,TAF12,ZR751,ED,6883,2481,2486,4.197724245
1341,Bone.5,H2AC4,MCF7,ED,8335,1729,1734,4.197730404
1342,Brain.3,DRAIC,ZR751,ED,145837,2601,2606,4.198112951
1343,Bone.2,HSPBAP1,MCF7,E2,79663,3208,3197,4.200240596
1344,Bone.2,GOLGA7B,MCF7,E2,401647,88,594,4.201977979
1345,Brain.3,PYY,ZR751,ED,5697,2766,2771,4.203852463
1346,Kidney.1,DNAI1,MCF7,E2,27019,3114,329,4.205907505
1347,Kidney.1,RASSF2,MCF7,E2,9770,3200,415,4.205907505
1348,Kidney.1,MYCL,MCF7,E2,4610,3169,384,4.207980914
1349,Brain.3,NAA80,ZR751,ED,24142,2711,2716,4.208878907
1350,Bone.2,CFLAR-AS1,MCF7,E2,65072,3194,553,4.216025422
1351,Bone.4,HTR7P1,MCF7,E2,93164,1444,1449,4.230521034
1352,Brain.2,KLB,ZR751,ED,152831,2348,2353,4.233925223
1353,Bone.3,RCOR2,MCF7,E2,283248,1127,1132,4.235125319
1354,Brain.1,PARM1-AS1,ZR751,ED,100507388,2085,2090,4.23612878
1355,Bone.3,TSC22D1-AS1,MCF7,E2,641467,1237,1242,4.246967968
1356,Brain.2,SEPSECS,ZR751,ED,51091,2449,2454,4.247131469
1357,Bone.2,TTC30A,MCF7,E2,92104,753,758,4.258174717
1358,Adrenal.3,GLIS3,MCF7,E2,169792,3258,259,4.262285449
1359,Bone.2,ZC3H12A,MCF7,E2,80149,770,775,4.267001229
1360,Bone.4,NT5C1B,MCF7,E2,93034,1530,1535,4.273294793
1361,Kidney.1,GCM2,MCF7,E2,9247,3131,346,4.273723553
1362,Brain.2,PRANCR,ZR751,ED,101928062,2417,2422,4.278287965
1363,Adrenal.1,TNFRSF19,MCF7,E2,55504,89,91,4.281659363
1364,Adrenal.2,ADAMTS9,MCF7,E2,56999,99,3201,4.283324436
1365,Brain.3,TPD52L1,ZR751,ED,7164,2851,2856,4.286789428
1366,Bone.4,HESX1,MCF7,E2,8820,1437,1442,4.286803652
1367,Bone.4,THEM5,MCF7,E2,284486,1654,1659,4.286803652
1368,Brain.1,TMEM150A,ZR751,ED,129303,2186,2191,4.28964729
1369,Bone.2,GPKOW,MCF7,E2,27238,89,595,4.292810535
1370,Bone.5,HNRNPA3,MCF7,ED,220988,1738,1743,4.299452512
1371,Bone.3,SEMA3A,MCF7,E2,10371,1145,1222,4.301302145
1372,Brain.3,DYNLRB2,ZR751,ED,83657,2604,2609,4.304594598
1373,Brain.3,IRAK1BP1,ZR751,ED,134728,2665,2670,4.304594598
1374,Brain.2,CRISPLD2,ZR751,ED,83716,2278,2283,4.308613596
1375,Adrenal.1,AMPH,MCF7,E2,273,5,79,4.31171219
1376,Kidney.1,ENKUR,MCF7,E2,219670,3121,336,4.314021545
1377,Bone.4,KCNJ11,MCF7,E2,3767,1464,1469,4.317388527
1378,Brain.4,CECR2,MCF7,E2,27443,2926,2931,4.31763342
1379,Kidney.1,CROCC2,MCF7,E2,728763,3101,316,4.319766364
1380,Brain.2,PSMG4,ZR751,ED,389362,2421,2426,4.332295778
1381,Bone.2,VAX2,MCF7,E2,25806,762,767,4.343443755
1382,Bone.4,FHL2,MCF7,E2,2274,1417,1422,4.357700008
1383,Adrenal.2,MUC12,MCF7,E2,10071,3209,3260,4.360540105
1384,Bone.5,SBK1,MCF7,ED,388228,1791,1796,4.361949601
1385,Bone.5,RNU6-7,MCF7,ED,101954275,1780,1785,4.363036287
1386,Kidney.1,PRR29,MCF7,E2,92340,3194,409,4.364542094
1387,Bone.4,DNAH12,MCF7,E2,201625,1388,1393,4.365929349
1388,Brain.3,AJM1,ZR751,ED,389813,2539,2544,4.368468592
1389,Brain.3,MIR3176,ZR751,ED,100423037,2691,2696,4.368468592
1390,Brain.3,ELFN2,ZR751,ED,114794,2892,2897,4.368468592
1391,Brain.1,ZNF888,ZR751,ED,388559,2219,2224,4.371406557
1392,Kidney.1,ADGB,MCF7,E2,79747,3058,273,4.375238313
1393,Kidney.1,EFEMP2,MCF7,E2,30008,3118,333,4.375238313
1394,Kidney.1,TTC22,MCF7,E2,55001,3244,459,4.375238313
1395,Adrenal.3,GP2,MCF7,E2,2813,3260,261,4.378553373
1396,Bone.4,ARHGAP24,MCF7,E2,83478,1315,1320,4.382112919
1397,Bone.2,SLC8B1,MCF7,E2,80024,729,3270,4.387832042
1398,Brain.1,LINC00471,ZR751,ED,151477,2038,2043,4.388097301
1399,Kidney.1,CFAP45,MCF7,E2,25790,3091,306,4.398930032
1400,Kidney.1,TMPRSS6,MCF7,E2,164656,3235,450,4.398930032
1401,Bone.4,PKP1,MCF7,E2,5317,1554,1559,4.401223088
1402,Brain.1,SCARF2,ZR751,ED,91179,2143,2148,4.405596673
1403,Bone.3,PDZD7,MCF7,E2,79955,1075,1080,4.407501975
1404,Brain.2,ATP6V1E2,ZR751,ED,90423,2239,2244,4.409208573
1405,Bone.4,HSPB8,MCF7,E2,26353,1443,1448,4.41310725
1406,Brain.3,SCAT1,ZR751,ED,101928710,2795,2800,4.416524436
1407,Adrenal.1,CCNP,MCF7,E2,79935,17,91,4.425174084
1408,Bone.2,AGAP5,MCF7,E2,729092,509,514,4.436241551
1409,Bone.4,P3H4,MCF7,E2,10609,1540,1545,4.445077489
1410,Bone.4,TCEANC,MCF7,E2,170082,1652,1657,4.445077489
1411,Bone.2,CACNB2,MCF7,E2,783,536,541,4.449771543
1412,Bone.2,UGDH-AS1,MCF7,E2,100885776,759,764,4.449771543
1413,Bone.3,KLK13,MCF7,E2,26085,984,989,4.452768092
1414,Bone.4,JPX,MCF7,E2,554203,1460,1465,4.45617631
1415,Brain.3,VWA8-AS1,ZR751,ED,100507240,2867,2872,4.456276685
1416,Adrenal.1,PKHD1L1,MCF7,E2,93035,65,3214,4.476226161
1417,Bone.4,DHRS2,MCF7,E2,10202,1383,1388,4.480527173
1418,Bone.4,MEGF11,MCF7,E2,84465,1497,1502,4.487050366
1419,Bone.2,AKR1C3,MCF7,E2,8644,512,517,4.490961663
1420,Bone.3,PATE3,MCF7,E2,100169851,1069,1074,4.504287048
1421,Brain.2,SPATA5L1,ZR751,ED,79029,2470,2475,4.507145182
1422,Bone.2,PLCD1,MCF7,E2,5333,3274,3216,4.5153134
1423,Bone.5,BCL11A,MCF7,ED,53335,1716,1721,4.516255632
1424,Adrenal.3,MUC12,MCF7,E2,10071,299,304,4.524711703
1425,Brain.2,VARS2,ZR751,ED,57176,2508,2513,4.524917301
1426,Kidney.1,SHC4,MCF7,E2,399694,3214,429,4.526765875
1427,Bone.4,SPATA5L1,MCF7,E2,79029,1638,1643,4.531932961
1428,Bone.4,IGDCC3,MCF7,E2,9543,1453,1458,4.539560079
1429,Bone.2,INE1,MCF7,E2,8552,3213,3202,4.541640819
1430,Bone.4,PLGRKT,MCF7,E2,55848,1559,1564,4.542400707
1431,Bone.3,THEM5,MCF7,E2,284486,1211,1216,4.545613044
1432,Brain.3,DUSP5,ZR751,ED,1847,2602,2607,4.553791412
1433,Adrenal.2,FER1L6,MCF7,E2,654463,131,3233,4.555434724
1434,Bone.4,FAM122A,MCF7,E2,116224,1407,1412,4.567348067
1435,Bone.2,FAM161B,MCF7,E2,145483,79,585,4.568943993
1436,Brain.3,DCDC2B,ZR751,ED,149069,2596,2601,4.573085856
1437,Brain.3,ZNF396,ZR751,ED,252884,2883,2888,4.573085856
1438,Bone.4,WNT9A,MCF7,E2,7483,1686,1691,4.588369343
1439,Bone.4,BFSP1,MCF7,E2,631,1328,1333,4.589443171
1440,Bone.4,GABARAPL1,MCF7,E2,23710,1420,1425,4.59174462
1441,Bone.4,DNAH17,MCF7,E2,8632,1389,1394,4.592799629
1442,Brain.3,GSC,ZR751,ED,145258,2640,2645,4.593517513
1443,Adrenal.3,SERPINA5,MCF7,E2,5104,352,357,4.594494501
1444,Kidney.1,SLCO4A1-AS1,MCF7,E2,100127888,3218,433,4.61867245
1445,Brain.2,TNK1,ZR751,ED,8711,2492,2497,4.621383893
1446,Brain.1,DEPDC4,ZR751,ED,120863,1974,1979,4.628644736
1447,Bone.4,TOMM40L,MCF7,E2,84134,1663,1668,4.629809906
1448,Brain.1,HAP1,ZR751,ED,9001,2012,2017,4.630021803
1449,Bone.3,DOCK11,MCF7,E2,139818,885,890,4.632842505
1450,Adrenal.2,AMPH,MCF7,E2,273,102,3204,4.63614902
1451,Brain.3,LINC01124,ZR751,ED,440925,2678,2683,4.638229662
1452,Brain.3,SHOX,ZR751,ED,6473,2805,2810,4.638229662
1453,Brain.2,TP53INP2,ZR751,ED,58476,2496,2501,4.649237156
1454,Bone.2,FPGT,MCF7,E2,8790,84,590,4.650671998
1455,Brain.3,MPDU1,ZR751,ED,9526,2698,2703,4.656957671
1456,Adrenal.1,MYO16,MCF7,E2,23026,58,3207,4.663782108
1457,Kidney.1,DRC1,MCF7,E2,92749,3115,330,4.663880211
1458,Kidney.1,LOC400499,MCF7,E2,400499,3259,474,4.663880211
1459,Bone.5,WFDC2,MCF7,ED,10406,1803,1808,4.66438648
1460,Brain.2,SNORA56,ZR751,ED,677835,2462,2467,4.665863753
1461,Brain.4,LRRC6,MCF7,E2,23639,2982,197,4.666493624
1462,Bone.2,MXRA8,MCF7,E2,54587,3246,88,4.671709213
1463,Brain.3,IRX2,ZR751,ED,153572,2666,2671,4.673985028
1464,Bone.3,OR8B12,MCF7,E2,219858,1064,1069,4.676280006
1465,Bone.3,RSPH1,MCF7,E2,89765,1138,1215,4.676280006
1466,Brain.4,SGCG,MCF7,E2,6445,3029,244,4.680801051
1467,Bone.2,IMMP1L,MCF7,E2,196294,3211,3200,4.684000099
1468,Adrenal.3,KLK13,MCF7,E2,26085,282,287,4.689928336
1469,Adrenal.2,OLFM4,MCF7,E2,10562,3214,3265,4.690665395
1470,Brain.2,ANGPT2,ZR751,ED,285,2230,2235,4.691883837
1471,Bone.2,KBTBD3,MCF7,E2,143879,3218,3207,4.693513005
1472,Bone.2,SNCAIP,MCF7,E2,9627,733,3274,4.701852036
1473,Adrenal.2,DHRS2,MCF7,E2,10202,121,3223,4.705338139
1474,Adrenal.2,CHP2,MCF7,E2,63928,119,3221,4.709838518
1475,Brain.3,PKIB,ZR751,ED,5570,2747,2752,4.718829446
1476,Bone.4,PDE10A,MCF7,E2,90632,1544,1549,4.722601641
1477,Bone.4,FBXO44,MCF7,E2,93611,1413,1418,4.722835208
1478,Bone.4,OBSCN-AS1,MCF7,E2,574407,1534,1539,4.722871245
1479,Bone.1,LINC01814,MCF7,E2,101929567,436,441,4.726538983
1480,Bone.4,CGRRF1,MCF7,E2,10668,1357,1362,4.738989882
1481,Bone.2,NFASC,MCF7,E2,23114,3252,94,4.753496878
1482,Bone.2,NMU,MCF7,E2,10874,3255,3197,4.753496878
1483,Bone.2,PLEKHA8P1,MCF7,E2,51054,3275,3217,4.753496878
1484,Bone.2,SNAI3-AS1,MCF7,E2,197187,732,3273,4.753496878
1485,Bone.5,H2BC17,MCF7,ED,8348,1732,1737,4.758931611
1486,Bone.2,RNF213-AS1,MCF7,E2,100294362,697,3238,4.760501551
1487,Brain.2,ZNF837,ZR751,ED,116412,2525,2530,4.763155733
1488,Bone.5,PNPLA4,MCF7,ED,8228,1761,1766,4.764399602
1489,Brain.2,A1BG,ZR751,ED,1,2222,2227,4.774792418
1490,Kidney.1,SPAG17,MCF7,E2,200162,3221,436,4.784779227
1491,Bone.2,COLCA1,MCF7,E2,399948,3200,559,4.786315978
1492,Brain.3,BTC,ZR751,ED,685,2553,2558,4.787851514
1493,Kidney.1,CFAP99,MCF7,E2,402160,3096,311,4.78908669
1494,Bone.3,MCIDAS,MCF7,E2,345643,1010,1015,4.792914029
1495,Bone.3,ITIH2,MCF7,E2,3698,976,981,4.794367852
1496,Adrenal.3,MUC3A,MCF7,E2,4584,300,305,4.795253094
1497,Bone.4,TSACC,MCF7,E2,128229,1668,1673,4.80150921
1498,Adrenal.1,ADRA2A,MCF7,E2,150,3,77,4.802215706
1499,Bone.4,KLRB1,MCF7,E2,3820,1470,1475,4.815865608
1500,Brain.2,SYNE4,ZR751,ED,163183,2480,2485,4.81847989
1501,Brain.2,CDC26,ZR751,ED,246184,2260,2265,4.822937348
1502,Brain.3,DMC1,ZR751,ED,11144,2599,2604,4.830359129
1503,Brain.3,SSMEM1,ZR751,ED,136263,2824,2829,4.830359129
1504,Bone.2,ABCA17P,MCF7,E2,650655,499,504,4.830506884
1505,Adrenal.3,ADAMTS9,MCF7,E2,56999,3213,214,4.834201859
1506,Adrenal.2,KLK13,MCF7,E2,26085,3200,3251,4.835348661
1507,Bone.2,GCSAM,MCF7,E2,257144,86,592,4.836866826
1508,Bone.5,H2BC15,MCF7,ED,8341,1731,1736,4.83990787
1509,Bone.5,RNU6-2,MCF7,ED,103625684,1779,1784,4.85228613
1510,Brain.2,SEPTIN1,ZR751,ED,1731,2450,2455,4.856253229
1511,Bone.4,CAB39L,MCF7,E2,81617,1336,1341,4.871134273
1512,Bone.4,FAH,MCF7,E2,2184,1405,1410,4.871134273
1513,Bone.3,LINC00665,MCF7,E2,100506930,990,995,4.888540671
1514,Adrenal.3,TBX4,MCF7,E2,9496,380,385,4.889298852
1515,Bone.2,ATP23,MCF7,E2,91419,525,530,4.898037364
1516,Brain.3,LOC101928012,ZR751,ED,101928012,2896,2901,4.899675223
1517,Bone.4,RAET1E,MCF7,E2,135250,1580,1585,4.901561395
1518,Bone.2,LOC101929141,MCF7,E2,101929141,782,787,4.90255213
1519,Bone.4,C3orf35,MCF7,E2,339883,1332,1337,4.903258736
1520,Kidney.1,CACNB4,MCF7,E2,785,3080,295,4.904289355
1521,Bone.3,LOC101927018,MCF7,E2,101927018,1291,1296,4.907196299
1522,Bone.2,SYT17,MCF7,E2,51760,736,3277,4.908947551
1523,Brain.2,KAZALD1,ZR751,ED,81621,2346,2351,4.913116012
1524,Bone.2,ZC3H12B,MCF7,E2,340554,771,776,4.916142534
1525,Brain.2,MEIOC,ZR751,ED,284071,2365,2370,4.917902732
1526,Adrenal.3,SLC26A2,MCF7,E2,1836,356,361,4.927853319
1527,Adrenal.1,CSTA,MCF7,E2,1475,27,95,4.934088227
1528,Bone.3,ABHD14A,MCF7,E2,25864,785,790,4.936985598
1529,Bone.4,GCHFR,MCF7,E2,2644,1425,1430,4.936997184
1530,Brain.2,NOD1,ZR751,ED,10392,2390,2395,4.944774607
1531,Adrenal.1,SERPINA5,MCF7,E2,5104,76,78,4.946321717
1532,Bone.2,COA3,MCF7,E2,28958,3198,557,4.949356369
1533,Brain.3,GASK1A,ZR751,ED,729085,2627,2632,4.951028485
1534,Brain.3,SMIM31,ZR751,ED,100505989,2813,2818,4.951028485
1535,Kidney.1,LSMEM2,MCF7,E2,132228,3156,371,4.952839265
1536,Brain.4,SERPINA5,MCF7,E2,5104,3028,243,4.953375675
1537,Bone.3,GH1,MCF7,E2,2688,933,938,4.968298701
1538,Bone.1,DHRS2,MCF7,E2,10202,415,420,4.977532077
1539,Adrenal.1,CPE,MCF7,E2,1363,25,95,4.991461527
1540,Bone.5,RNA5S11,MCF7,ED,100169762,1766,1771,5.007347265
1541,Bone.5,RNA5S12,MCF7,ED,100169763,1767,1772,5.008054701
1542,Bone.5,RNA5S3,MCF7,ED,100169763,1773,1778,5.008054701
1543,Bone.5,RNA5S10,MCF7,ED,100169761,1765,1770,5.008367079
1544,Bone.3,SPAG17,MCF7,E2,200162,1174,1251,5.010127469
1545,Bone.3,SLC14A1,MCF7,E2,6563,1154,1231,5.013911028
1546,Bone.4,SPARCL1,MCF7,E2,8404,1636,1641,5.036442572
1547,Brain.4,CHP2,MCF7,E2,63928,2928,2933,5.036561834
1548,Bone.5,RNA5S16,MCF7,ED,100169767,1771,1776,5.040673782
1549,Bone.5,RNA5S17,MCF7,ED,100169768,1772,1777,5.041088055
1550,Bone.5,RNA5S13,MCF7,ED,100169764,1768,1773,5.04631255
1551,Bone.5,RNA5S15,MCF7,ED,100169766,1770,1775,5.046972307
1552,Bone.5,RNA5S14,MCF7,ED,100169765,1769,1774,5.048963426
1553,Adrenal.3,PECAM1,MCF7,E2,5175,319,324,5.061798409
1554,Bone.4,OR8B12,MCF7,E2,219858,1536,1541,5.063912565
1555,Brain.4,BASP1,MCF7,E2,10409,2912,2917,5.072724129
1556,Adrenal.3,HYDIN,MCF7,E2,54768,3265,266,5.093412445
1557,Bone.4,MAPK4,MCF7,E2,5596,1490,1495,5.105505783
1558,Bone.3,HSD17B13,MCF7,E2,345275,961,966,5.106201392
1559,Adrenal.3,TAT,MCF7,E2,6898,379,384,5.126716827
1560,Brain.2,ZNRF3,ZR751,ED,84133,2527,2532,5.128147917
1561,Bone.3,PIK3C2G,MCF7,E2,5288,1085,1090,5.129252555
1562,Brain.3,JAKMIP3,ZR751,ED,282973,2668,2673,5.133264664
1563,Bone.4,PLAUR,MCF7,E2,5329,1557,1562,5.137556664
1564,Brain.3,PDLIM3,ZR751,ED,27295,2739,2744,5.140279082
1565,Brain.3,BLK,ZR751,ED,640,2551,2556,5.151565059
1566,Brain.3,RXFP2,ZR751,ED,122042,2790,2795,5.151565059
1567,Bone.3,STEAP4,MCF7,E2,79689,1184,1261,5.151941009
1568,Bone.2,GLUD2,MCF7,E2,2747,87,593,5.152247535
1569,Brain.3,MIRLET7D,ZR751,ED,406886,2693,2698,5.172733712
1570,Brain.3,MOGAT2,ZR751,ED,80168,2695,2700,5.172733712
1571,Brain.3,SIK1B,ZR751,ED,102724428,2806,2811,5.172733712
1572,Bone.5,RNA5S9,MCF7,ED,100169760,1774,1779,5.201673264
1573,Bone.5,RNVU1-17,MCF7,ED,101954269,1782,1787,5.208593776
1574,Brain.4,PLAT,MCF7,E2,5327,3007,222,5.252518988
1575,Kidney.1,DNAH12,MCF7,E2,201625,3111,326,5.254480196
1576,Bone.4,CD200R1L,MCF7,E2,344807,1349,1354,5.265967156
1577,Bone.4,IL20RB,MCF7,E2,53833,1454,1459,5.285854067
1578,Bone.4,PLA2G4C,MCF7,E2,8605,1555,1560,5.285854067
1579,Brain.2,TEN1,ZR751,ED,100134934,2486,2491,5.289692545
1580,Adrenal.1,KLK10,MCF7,E2,5655,48,3197,5.291302287
1581,Bone.3,SDR16C5,MCF7,E2,195814,1144,1221,5.298883394
1582,Bone.5,RNVU1-7,MCF7,ED,26864,1784,1789,5.300942334
1583,Bone.5,HEBP1,MCF7,ED,50865,1734,1739,5.301634397
1584,Bone.4,ID4,MCF7,E2,3400,1448,1453,5.316203915
1585,Brain.2,SPATA2L,ZR751,ED,124044,2469,2474,5.318537642
1586,Bone.2,ITGA7,MCF7,E2,3679,3216,3205,5.321865341
1587,Brain.3,MIR491,ZR751,ED,574444,2692,2697,5.364863179
1588,Brain.2,HTR6,ZR751,ED,3362,2336,2341,5.401525719
1589,Bone.5,PAXBP1,MCF7,ED,94104,1759,1764,5.410928838
1590,Bone.4,CEACAM19,MCF7,E2,56971,1353,1358,5.41121327
1591,Bone.2,LOC100506071,MCF7,E2,100506071,781,786,5.412121856
1592,Brain.3,RPL13AP17,ZR751,ED,399670,2787,2792,5.414117821
1593,Brain.3,ABCC11,ZR751,ED,85320,2531,2536,5.423836207
1594,Bone.2,FBLN1,MCF7,E2,2192,81,587,5.446255095
1595,Bone.2,LOC100134368,MCF7,E2,100134368,780,785,5.446255095
1596,Bone.4,B4GALT4-AS1,MCF7,E2,100874201,1326,1331,5.458831406
1597,Bone.2,MAP6,MCF7,E2,4135,3230,3219,5.473101331
1598,Bone.5,RNU1-2,MCF7,ED,26870,1776,1781,5.494236911
1599,Bone.2,TNFRSF19,MCF7,E2,55504,746,751,5.500480533
1600,Bone.2,ZNF716,MCF7,E2,441234,778,783,5.500480533
1601,Bone.2,LOC103611081,MCF7,E2,103611081,783,788,5.514376546
1602,Bone.5,RNU1-1,MCF7,ED,26871,1775,1780,5.530745695
1603,Bone.4,CYB5RL,MCF7,E2,606495,1374,1379,5.530748349
1604,Bone.2,GPRC5D-AS1,MCF7,E2,100506314,91,597,5.534068907
1605,Adrenal.1,SLC26A2,MCF7,E2,1836,78,80,5.553057536
1606,Brain.3,APOLD1,ZR751,ED,81575,2542,2547,5.565682114
1607,Brain.2,LINC01123,ZR751,ED,440894,2355,2360,5.589057898
1608,Kidney.1,PIFO,MCF7,E2,128344,3185,400,5.594911299
1609,Bone.5,NKD1,MCF7,ED,85407,1756,1761,5.600404018
1610,Bone.4,CASP14,MCF7,E2,23581,1342,1347,5.647822702
1611,Brain.2,PCOLCE,ZR751,ED,5118,2406,2411,5.655595192
1612,Brain.3,ETS2,ZR751,ED,2114,2614,2619,5.656276491
1613,Adrenal.1,MITF,MCF7,E2,4286,56,3205,5.65652415
1614,Bone.4,PDE6C,MCF7,E2,5146,1546,1551,5.673931771
1615,Brain.2,CCDC30,ZR751,ED,728621,2254,2259,5.676327004
1616,Bone.5,RNU1-4,MCF7,ED,6060,1778,1783,5.681805578
1617,Bone.5,PGK1,MCF7,ED,5230,1760,1765,5.708572789
1618,Brain.2,TRAM1L1,ZR751,ED,133022,2498,2503,5.713743638
1619,Bone.2,PABPN1L,MCF7,E2,390748,3260,3202,5.722694476
1620,Bone.2,CACNA2D4,MCF7,E2,93589,535,540,5.752248145
1621,Brain.4,DHRS2,MCF7,E2,10202,2941,2946,5.761859156
1622,Brain.4,APOD,MCF7,E2,347,2907,2912,5.773844547
1623,Bone.4,NEURL1,MCF7,E2,9148,1525,1530,5.789287468
1624,Bone.5,RNU1-3,MCF7,ED,26869,1777,1782,5.815116999
1625,Brain.3,WDR18,ZR751,ED,57418,2871,2876,5.823309937
1626,Bone.2,UCP3,MCF7,E2,7352,758,763,5.860668363
1627,Bone.2,ZNF516-DT,MCF7,E2,400658,776,781,5.860668363
1628,Brain.2,MIR1914,ZR751,ED,100302137,2366,2371,5.891945456
1629,Bone.2,CD74,MCF7,E2,972,543,548,5.91520568
1630,Bone.2,LIAS,MCF7,E2,11019,3225,3214,5.91520568
1631,Bone.4,KTN1-AS1,MCF7,E2,100129075,1471,1476,5.936946451
1632,Bone.5,ADCY10P1,MCF7,ED,221442,1710,1715,5.961999592
1633,Brain.2,TNFSF13,ZR751,ED,8741,2491,2496,6.044921568
1634,Bone.2,BRSK2,MCF7,E2,9024,531,536,6.04929816
1635,Bone.2,SLCO2A1,MCF7,E2,6578,730,3271,6.05743933
1636,Bone.4,SLC25A18,MCF7,E2,83733,1622,1627,6.062333731
1637,Brain.3,GABRG3,ZR751,ED,2567,2626,2631,6.063913797
1638,Bone.5,RNVU1-18,MCF7,ED,26863,1783,1788,6.064050137
1639,Brain.2,ZNF804B,ZR751,ED,219578,2524,2529,6.085844026
1640,Brain.4,CPE,MCF7,E2,1363,2936,2941,6.117066092
1641,Bone.4,ANGPTL7,MCF7,E2,10218,1307,1312,6.175967419
1642,Bone.3,ERN2,MCF7,E2,10595,906,911,6.259399952
1643,Bone.2,CD5,MCF7,E2,921,542,547,6.265129424
1644,Brain.1,ESR1,ZR751,ED,2099,1990,1995,6.270024821
1645,Adrenal.3,AMPH,MCF7,E2,273,3218,219,6.286607631
1646,Brain.2,TNFSF12-TNFSF13,ZR751,ED,407977,2490,2495,6.296759202
1647,Brain.2,ZNF653,ZR751,ED,115950,2522,2527,6.37139198
1648,Bone.5,TFPT,MCF7,ED,29844,1799,1804,6.405588378
1649,Bone.3,MUCL1,MCF7,E2,118430,1034,1039,6.449591459
1650,Brain.2,FAM13A-AS1,ZR751,ED,285512,2305,2310,6.490535517
1651,Bone.2,SIRPA,MCF7,E2,140885,723,3264,6.620254463
1652,Bone.2,MIR1279,MCF7,E2,100302182,3234,76,6.652972391
1653,Brain.2,LOC102723809,ZR751,ED,102723809,2529,2534,6.871059192
1654,Brain.2,MIR548AR,ZR751,ED,100847035,2367,2372,6.913291903
1655,Bone.5,MORC4,MCF7,ED,79710,1744,1749,7.044690759
1656,Bone.2,SLC25A53,MCF7,E2,401612,728,3269,7.112148399
1657,Bone.5,SIAE,MCF7,ED,54414,1792,1797,7.251193405
1658,Bone.5,LINC02610,MCF7,ED,151174,1741,1746,7.289396422
1659,Bone.5,LOC102724301,MCF7,ED,102724301,1805,1810,7.439855312
1660,Bone.5,RNVU1-1,MCF7,ED,101954273,1781,1786,7.731546718
1661,Bone.2,HOXB5,MCF7,E2,3215,3205,3194,7.859262854
1662,Bone.5,GSG1,MCF7,ED,83445,1728,1733,9.25488329
1663,Bone.5,GH1,MCF7,ED,2688,1726,1731,9.609469796
1664,Brain.2,ESR1,ZR751,ED,2099,2300,2305,9.834319858
1665,Bone.5,H2AW,MCF7,ED,92815,1730,1735,11.47047076
